cultivar,treatment,chromatography,metabolite,log_abundance
Cabernet_Sauvignon,dry,GC/MS,Alanine_2TMS,1.427013906
Cabernet_Sauvignon,well_watered,GC/MS,Alanine_2TMS,1.499672184
Merlot,dry,GC/MS,Alanine_2TMS,-0.441966893
Merlot,well_watered,GC/MS,Alanine_2TMS,-0.202974531
Pinot_Noir,dry,GC/MS,Alanine_2TMS,1.832338927
Pinot_Noir,well_watered,GC/MS,Alanine_2TMS,2.175975265
Chardonnay,dry,GC/MS,Alanine_2TMS,2.28886096
Chardonnay,well_watered,GC/MS,Alanine_2TMS,2.829174492
Semillon,dry,GC/MS,Alanine_2TMS,1.364744071
Semillon,well_watered,GC/MS,Alanine_2TMS,1.476642434
Cabernet_Sauvignon,dry,GC/MS,Alanine_3TMS,-4.249214912
Cabernet_Sauvignon,well_watered,GC/MS,Alanine_3TMS,-4.339072032
Merlot,dry,GC/MS,Alanine_3TMS,-1.512326103
Merlot,well_watered,GC/MS,Alanine_3TMS,-1.604345945
Pinot_Noir,dry,GC/MS,Alanine_3TMS,1.011467917
Pinot_Noir,well_watered,GC/MS,Alanine_3TMS,0.851986833
Chardonnay,dry,GC/MS,Alanine_3TMS,-3.42977745
Chardonnay,well_watered,GC/MS,Alanine_3TMS,-3.888645642
Semillon,dry,GC/MS,Alanine_3TMS,-2.269773761
Semillon,well_watered,GC/MS,Alanine_3TMS,-2.276315353
Cabernet_Sauvignon,dry,GC/MS,Beta_alanine_2TMS,0.298727666
Cabernet_Sauvignon,well_watered,GC/MS,Beta_alanine_2TMS,0.269562819
Merlot,dry,GC/MS,Beta_alanine_2TMS,-0.528999919
Merlot,well_watered,GC/MS,Beta_alanine_2TMS,-0.435196117
Pinot_Noir,dry,GC/MS,Beta_alanine_2TMS,-1.459013442
Pinot_Noir,well_watered,GC/MS,Beta_alanine_2TMS,-1.164443373
Chardonnay,dry,GC/MS,Beta_alanine_2TMS,-2.062005864
Chardonnay,well_watered,GC/MS,Beta_alanine_2TMS,-1.93996963
Semillon,dry,GC/MS,Beta_alanine_2TMS,-2.38064782
Semillon,well_watered,GC/MS,Beta_alanine_2TMS,-2.263341608
Cabernet_Sauvignon,dry,GC/MS,Arabitol_5TMS,2.203385539
Cabernet_Sauvignon,well_watered,GC/MS,Arabitol_5TMS,2.321020056
Merlot,dry,GC/MS,Arabitol_5TMS,2.220736211
Merlot,well_watered,GC/MS,Arabitol_5TMS,2.146350058
Pinot_Noir,dry,GC/MS,Arabitol_5TMS,2.130925646
Pinot_Noir,well_watered,GC/MS,Arabitol_5TMS,1.972806552
Chardonnay,dry,GC/MS,Arabitol_5TMS,-4.897317454
Chardonnay,well_watered,GC/MS,Arabitol_5TMS,-5.042033547
Semillon,dry,GC/MS,Arabitol_5TMS,2.073813933
Semillon,well_watered,GC/MS,Arabitol_5TMS,1.801998161
Cabernet_Sauvignon,dry,GC/MS,Arginine,-0.496639186
Cabernet_Sauvignon,well_watered,GC/MS,Arginine,-0.268931641
Merlot,dry,GC/MS,Arginine,NA
Merlot,well_watered,GC/MS,Arginine,NA
Pinot_Noir,dry,GC/MS,Arginine,0.840196125
Pinot_Noir,well_watered,GC/MS,Arginine,0.455193438
Chardonnay,dry,GC/MS,Arginine,0.948935402
Chardonnay,well_watered,GC/MS,Arginine,1.903145935
Semillon,dry,GC/MS,Arginine,-0.178879885
Semillon,well_watered,GC/MS,Arginine,0.475092894
Cabernet_Sauvignon,dry,GC/MS,Aspartic_acid_2TMS,-0.514446423
Cabernet_Sauvignon,well_watered,GC/MS,Aspartic_acid_2TMS,0.137752203
Merlot,dry,GC/MS,Aspartic_acid_2TMS,-1.868884714
Merlot,well_watered,GC/MS,Aspartic_acid_2TMS,-0.953256876
Pinot_Noir,dry,GC/MS,Aspartic_acid_2TMS,0.828419072
Pinot_Noir,well_watered,GC/MS,Aspartic_acid_2TMS,1.027799357
Chardonnay,dry,GC/MS,Aspartic_acid_2TMS,0.556264711
Chardonnay,well_watered,GC/MS,Aspartic_acid_2TMS,0.739455243
Semillon,dry,GC/MS,Aspartic_acid_2TMS,0.17458094
Semillon,well_watered,GC/MS,Aspartic_acid_2TMS,0.865543505
Cabernet_Sauvignon,dry,GC/MS,Aspartic_acid_3TMS,-0.637299915
Cabernet_Sauvignon,well_watered,GC/MS,Aspartic_acid_3TMS,-0.626072079
Merlot,dry,GC/MS,Aspartic_acid_3TMS,-2.298775129
Merlot,well_watered,GC/MS,Aspartic_acid_3TMS,-1.725723262
Pinot_Noir,dry,GC/MS,Aspartic_acid_3TMS,0.205387602
Pinot_Noir,well_watered,GC/MS,Aspartic_acid_3TMS,0.40823894
Chardonnay,dry,GC/MS,Aspartic_acid_3TMS,1.995563041
Chardonnay,well_watered,GC/MS,Aspartic_acid_3TMS,2.587188044
Semillon,dry,GC/MS,Aspartic_acid_3TMS,-0.604467738
Semillon,well_watered,GC/MS,Aspartic_acid_3TMS,0.498426174
Cabernet_Sauvignon,dry,GC/MS,Benzoic_acid_1TMS,-2.188464006
Cabernet_Sauvignon,well_watered,GC/MS,Benzoic_acid_1TMS,-2.216729773
Merlot,dry,GC/MS,Benzoic_acid_1TMS,-3.130491904
Merlot,well_watered,GC/MS,Benzoic_acid_1TMS,-3.201089299
Pinot_Noir,dry,GC/MS,Benzoic_acid_1TMS,-3.105201566
Pinot_Noir,well_watered,GC/MS,Benzoic_acid_1TMS,-3.348800442
Chardonnay,dry,GC/MS,Benzoic_acid_1TMS,-4.481119926
Chardonnay,well_watered,GC/MS,Benzoic_acid_1TMS,-4.432466531
Semillon,dry,GC/MS,Benzoic_acid_1TMS,-1.987305388
Semillon,well_watered,GC/MS,Benzoic_acid_1TMS,-2.181235856
Cabernet_Sauvignon,dry,GC/MS,Butanoic_acid_2_4_dihydroxy_3TMS,-4.292054644
Cabernet_Sauvignon,well_watered,GC/MS,Butanoic_acid_2_4_dihydroxy_3TMS,-4.7507321
Merlot,dry,GC/MS,Butanoic_acid_2_4_dihydroxy_3TMS,NA
Merlot,well_watered,GC/MS,Butanoic_acid_2_4_dihydroxy_3TMS,NA
Pinot_Noir,dry,GC/MS,Butanoic_acid_2_4_dihydroxy_3TMS,NA
Pinot_Noir,well_watered,GC/MS,Butanoic_acid_2_4_dihydroxy_3TMS,NA
Chardonnay,dry,GC/MS,Butanoic_acid_2_4_dihydroxy_3TMS,-4.306481217
Chardonnay,well_watered,GC/MS,Butanoic_acid_2_4_dihydroxy_3TMS,-4.253712427
Semillon,dry,GC/MS,Butanoic_acid_2_4_dihydroxy_3TMS,NA
Semillon,well_watered,GC/MS,Butanoic_acid_2_4_dihydroxy_3TMS,NA
Cabernet_Sauvignon,dry,GC/MS,Butanoic_acid_4_amino_3TMS,0.138444397
Cabernet_Sauvignon,well_watered,GC/MS,Butanoic_acid_4_amino_3TMS,0.274260604
Merlot,dry,GC/MS,Butanoic_acid_4_amino_3TMS,0.792285687
Merlot,well_watered,GC/MS,Butanoic_acid_4_amino_3TMS,0.422148261
Pinot_Noir,dry,GC/MS,Butanoic_acid_4_amino_3TMS,1.454884677
Pinot_Noir,well_watered,GC/MS,Butanoic_acid_4_amino_3TMS,1.772633123
Chardonnay,dry,GC/MS,Butanoic_acid_4_amino_3TMS,0.691291408
Chardonnay,well_watered,GC/MS,Butanoic_acid_4_amino_3TMS,0.953053973
Semillon,dry,GC/MS,Butanoic_acid_4_amino_3TMS,-0.135961187
Semillon,well_watered,GC/MS,Butanoic_acid_4_amino_3TMS,0.032934824
Cabernet_Sauvignon,dry,GC/MS,Caffeic_acid_cis_3TMS,-0.258718535
Cabernet_Sauvignon,well_watered,GC/MS,Caffeic_acid_cis_3TMS,-0.262978197
Merlot,dry,GC/MS,Caffeic_acid_cis_3TMS,0.475511555
Merlot,well_watered,GC/MS,Caffeic_acid_cis_3TMS,0.382646745
Pinot_Noir,dry,GC/MS,Caffeic_acid_cis_3TMS,1.087545479
Pinot_Noir,well_watered,GC/MS,Caffeic_acid_cis_3TMS,1.001458285
Chardonnay,dry,GC/MS,Caffeic_acid_cis_3TMS,-0.005082376
Chardonnay,well_watered,GC/MS,Caffeic_acid_cis_3TMS,0.352942297
Semillon,dry,GC/MS,Caffeic_acid_cis_3TMS,0.164844072
Semillon,well_watered,GC/MS,Caffeic_acid_cis_3TMS,-0.019546277
Cabernet_Sauvignon,dry,GC/MS,Catechin_5TMS,-1.676772836
Cabernet_Sauvignon,well_watered,GC/MS,Catechin_5TMS,-1.599378076
Merlot,dry,GC/MS,Catechin_5TMS,0.418744373
Merlot,well_watered,GC/MS,Catechin_5TMS,-0.168329262
Pinot_Noir,dry,GC/MS,Catechin_5TMS,-1.104088196
Pinot_Noir,well_watered,GC/MS,Catechin_5TMS,-0.739206712
Chardonnay,dry,GC/MS,Catechin_5TMS,-1.344231499
Chardonnay,well_watered,GC/MS,Catechin_5TMS,-2.028694867
Semillon,dry,GC/MS,Catechin_5TMS,-5.961827234
Semillon,well_watered,GC/MS,Catechin_5TMS,-5.902132816
Cabernet_Sauvignon,dry,GC/MS,Cinnamic_acid_trans_1TMS,-1.168912091
Cabernet_Sauvignon,well_watered,GC/MS,Cinnamic_acid_trans_1TMS,-1.390422653
Merlot,dry,GC/MS,Cinnamic_acid_trans_1TMS,-0.047121749
Merlot,well_watered,GC/MS,Cinnamic_acid_trans_1TMS,-0.250854393
Pinot_Noir,dry,GC/MS,Cinnamic_acid_trans_1TMS,0.227195382
Pinot_Noir,well_watered,GC/MS,Cinnamic_acid_trans_1TMS,0.070163362
Chardonnay,dry,GC/MS,Cinnamic_acid_trans_1TMS,-1.199659089
Chardonnay,well_watered,GC/MS,Cinnamic_acid_trans_1TMS,-0.702224246
Semillon,dry,GC/MS,Cinnamic_acid_trans_1TMS,-1.109700695
Semillon,well_watered,GC/MS,Cinnamic_acid_trans_1TMS,-1.209946152
Cabernet_Sauvignon,dry,GC/MS,Citric_acid_Citrate,1.463468345
Cabernet_Sauvignon,well_watered,GC/MS,Citric_acid_Citrate,2.034457525
Merlot,dry,GC/MS,Citric_acid_Citrate,-0.031011292
Merlot,well_watered,GC/MS,Citric_acid_Citrate,-0.150035614
Pinot_Noir,dry,GC/MS,Citric_acid_Citrate,1.681943868
Pinot_Noir,well_watered,GC/MS,Citric_acid_Citrate,2.234085161
Chardonnay,dry,GC/MS,Citric_acid_Citrate,2.061478294
Chardonnay,well_watered,GC/MS,Citric_acid_Citrate,2.205737019
Semillon,dry,GC/MS,Citric_acid_Citrate,1.014636703
Semillon,well_watered,GC/MS,Citric_acid_Citrate,1.111200772
Cabernet_Sauvignon,dry,GC/MS,Epicatechin,0.30280738
Cabernet_Sauvignon,well_watered,GC/MS,Epicatechin,0.37074343
Merlot,dry,GC/MS,Epicatechin,2.017080006
Merlot,well_watered,GC/MS,Epicatechin,1.268929928
Pinot_Noir,dry,GC/MS,Epicatechin,0.747443723
Pinot_Noir,well_watered,GC/MS,Epicatechin,0.817707061
Chardonnay,dry,GC/MS,Epicatechin,1.328579557
Chardonnay,well_watered,GC/MS,Epicatechin,1.00562321
Semillon,dry,GC/MS,Epicatechin,0.985428278
Semillon,well_watered,GC/MS,Epicatechin,1.332837804
Cabernet_Sauvignon,dry,GC/MS,Erythritol_4TMS,-4.36964666
Cabernet_Sauvignon,well_watered,GC/MS,Erythritol_4TMS,-2.817543307
Merlot,dry,GC/MS,Erythritol_4TMS,1.130833894
Merlot,well_watered,GC/MS,Erythritol_4TMS,1.143163579
Pinot_Noir,dry,GC/MS,Erythritol_4TMS,0.548102878
Pinot_Noir,well_watered,GC/MS,Erythritol_4TMS,0.586654788
Chardonnay,dry,GC/MS,Erythritol_4TMS,1.344503109
Chardonnay,well_watered,GC/MS,Erythritol_4TMS,1.630620042
Semillon,dry,GC/MS,Erythritol_4TMS,0.713646812
Semillon,well_watered,GC/MS,Erythritol_4TMS,0.908842064
Cabernet_Sauvignon,dry,GC/MS,Erythronic_acid_4TMS,-1.741264438
Cabernet_Sauvignon,well_watered,GC/MS,Erythronic_acid_4TMS,-1.310276487
Merlot,dry,GC/MS,Erythronic_acid_4TMS,-2.819798083
Merlot,well_watered,GC/MS,Erythronic_acid_4TMS,-2.866139413
Pinot_Noir,dry,GC/MS,Erythronic_acid_4TMS,-1.048697866
Pinot_Noir,well_watered,GC/MS,Erythronic_acid_4TMS,-1.46161833
Chardonnay,dry,GC/MS,Erythronic_acid_4TMS,-0.856475711
Chardonnay,well_watered,GC/MS,Erythronic_acid_4TMS,-1.003976704
Semillon,dry,GC/MS,Erythronic_acid_4TMS,-0.810888029
Semillon,well_watered,GC/MS,Erythronic_acid_4TMS,-0.633024226
Cabernet_Sauvignon,dry,GC/MS,Ethanolamine_3TMS,0.191915844
Cabernet_Sauvignon,well_watered,GC/MS,Ethanolamine_3TMS,0.098281527
Merlot,dry,GC/MS,Ethanolamine_3TMS,-0.346212743
Merlot,well_watered,GC/MS,Ethanolamine_3TMS,-0.153958657
Pinot_Noir,dry,GC/MS,Ethanolamine_3TMS,0.014486418
Pinot_Noir,well_watered,GC/MS,Ethanolamine_3TMS,0.119791379
Chardonnay,dry,GC/MS,Ethanolamine_3TMS,-0.496759919
Chardonnay,well_watered,GC/MS,Ethanolamine_3TMS,-0.289809195
Semillon,dry,GC/MS,Ethanolamine_3TMS,0.149753569
Semillon,well_watered,GC/MS,Ethanolamine_3TMS,0.343258807
Cabernet_Sauvignon,dry,GC/MS,Fucose_rhamnose_1MEOX_4TMS_BP,-1.179886504
Cabernet_Sauvignon,well_watered,GC/MS,Fucose_rhamnose_1MEOX_4TMS_BP,-1.420057845
Merlot,dry,GC/MS,Fucose_rhamnose_1MEOX_4TMS_BP,-1.401573868
Merlot,well_watered,GC/MS,Fucose_rhamnose_1MEOX_4TMS_BP,-1.432021837
Pinot_Noir,dry,GC/MS,Fucose_rhamnose_1MEOX_4TMS_BP,-1.583401726
Pinot_Noir,well_watered,GC/MS,Fucose_rhamnose_1MEOX_4TMS_BP,-1.78652042
Chardonnay,dry,GC/MS,Fucose_rhamnose_1MEOX_4TMS_BP,-2.915043946
Chardonnay,well_watered,GC/MS,Fucose_rhamnose_1MEOX_4TMS_BP,-3.190746171
Semillon,dry,GC/MS,Fucose_rhamnose_1MEOX_4TMS_BP,-1.837536108
Semillon,well_watered,GC/MS,Fucose_rhamnose_1MEOX_4TMS_BP,-2.074034504
Cabernet_Sauvignon,dry,GC/MS,Fumaric_acid_2TMS,-0.648124046
Cabernet_Sauvignon,well_watered,GC/MS,Fumaric_acid_2TMS,-0.470223114
Merlot,dry,GC/MS,Fumaric_acid_2TMS,-1.319211767
Merlot,well_watered,GC/MS,Fumaric_acid_2TMS,-1.087556606
Pinot_Noir,dry,GC/MS,Fumaric_acid_2TMS,-0.054120994
Pinot_Noir,well_watered,GC/MS,Fumaric_acid_2TMS,0.025786811
Chardonnay,dry,GC/MS,Fumaric_acid_2TMS,0.199932514
Chardonnay,well_watered,GC/MS,Fumaric_acid_2TMS,0.801772704
Semillon,dry,GC/MS,Fumaric_acid_2TMS,-0.776640367
Semillon,well_watered,GC/MS,Fumaric_acid_2TMS,-0.620894489
Cabernet_Sauvignon,dry,GC/MS,Galactinol_9TMS,1.374354585
Cabernet_Sauvignon,well_watered,GC/MS,Galactinol_9TMS,1.052349221
Merlot,dry,GC/MS,Galactinol_9TMS,0.19181834
Merlot,well_watered,GC/MS,Galactinol_9TMS,0.502132508
Pinot_Noir,dry,GC/MS,Galactinol_9TMS,0.489809376
Pinot_Noir,well_watered,GC/MS,Galactinol_9TMS,0.5314142
Chardonnay,dry,GC/MS,Galactinol_9TMS,1.476713237
Chardonnay,well_watered,GC/MS,Galactinol_9TMS,1.776987858
Semillon,dry,GC/MS,Galactinol_9TMS,-0.420268963
Semillon,well_watered,GC/MS,Galactinol_9TMS,0.395948788
Cabernet_Sauvignon,dry,GC/MS,Galactonic_acid_6TMS,1.197561709
Cabernet_Sauvignon,well_watered,GC/MS,Galactonic_acid_6TMS,1.570134313
Merlot,dry,GC/MS,Galactonic_acid_6TMS,0.68279078
Merlot,well_watered,GC/MS,Galactonic_acid_6TMS,0.48100153
Pinot_Noir,dry,GC/MS,Galactonic_acid_6TMS,1.699620746
Pinot_Noir,well_watered,GC/MS,Galactonic_acid_6TMS,1.778915414
Chardonnay,dry,GC/MS,Galactonic_acid_6TMS,3.948111032
Chardonnay,well_watered,GC/MS,Galactonic_acid_6TMS,3.799897888
Semillon,dry,GC/MS,Galactonic_acid_6TMS,2.945193286
Semillon,well_watered,GC/MS,Galactonic_acid_6TMS,3.327764954
Cabernet_Sauvignon,dry,GC/MS,Gallic_acid_4TMS,-2.129382292
Cabernet_Sauvignon,well_watered,GC/MS,Gallic_acid_4TMS,-2.196041176
Merlot,dry,GC/MS,Gallic_acid_4TMS,-0.300782263
Merlot,well_watered,GC/MS,Gallic_acid_4TMS,-1.454255252
Pinot_Noir,dry,GC/MS,Gallic_acid_4TMS,NA
Pinot_Noir,well_watered,GC/MS,Gallic_acid_4TMS,NA
Chardonnay,dry,GC/MS,Gallic_acid_4TMS,-4.30532418
Chardonnay,well_watered,GC/MS,Gallic_acid_4TMS,-4.451852486
Semillon,dry,GC/MS,Gallic_acid_4TMS,-1.244296863
Semillon,well_watered,GC/MS,Gallic_acid_4TMS,-1.525378184
Cabernet_Sauvignon,dry,GC/MS,Glucopyranose_4TMS,1.08757388
Cabernet_Sauvignon,well_watered,GC/MS,Glucopyranose_4TMS,-0.24634448
Merlot,dry,GC/MS,Glucopyranose_4TMS,4.469317391
Merlot,well_watered,GC/MS,Glucopyranose_4TMS,4.934430443
Pinot_Noir,dry,GC/MS,Glucopyranose_4TMS,4.744661635
Pinot_Noir,well_watered,GC/MS,Glucopyranose_4TMS,4.034541656
Chardonnay,dry,GC/MS,Glucopyranose_4TMS,3.524103171
Chardonnay,well_watered,GC/MS,Glucopyranose_4TMS,2.348008844
Semillon,dry,GC/MS,Glucopyranose_4TMS,6.395375918
Semillon,well_watered,GC/MS,Glucopyranose_4TMS,6.249352364
Cabernet_Sauvignon,dry,GC/MS,Glucopyranose_5TMS,1.081296815
Cabernet_Sauvignon,well_watered,GC/MS,Glucopyranose_5TMS,1.523428753
Merlot,dry,GC/MS,Glucopyranose_5TMS,2.448628555
Merlot,well_watered,GC/MS,Glucopyranose_5TMS,2.275070749
Pinot_Noir,dry,GC/MS,Glucopyranose_5TMS,1.541890381
Pinot_Noir,well_watered,GC/MS,Glucopyranose_5TMS,1.365910454
Chardonnay,dry,GC/MS,Glucopyranose_5TMS,8.377253022
Chardonnay,well_watered,GC/MS,Glucopyranose_5TMS,8.284286386
Semillon,dry,GC/MS,Glucopyranose_5TMS,1.061482579
Semillon,well_watered,GC/MS,Glucopyranose_5TMS,2.521371453
Cabernet_Sauvignon,dry,GC/MS,Glutamic_acid_2TMS,-1.279037893
Cabernet_Sauvignon,well_watered,GC/MS,Glutamic_acid_2TMS,-0.509098645
Merlot,dry,GC/MS,Glutamic_acid_2TMS,-2.551418498
Merlot,well_watered,GC/MS,Glutamic_acid_2TMS,-1.634917749
Pinot_Noir,dry,GC/MS,Glutamic_acid_2TMS,NA
Pinot_Noir,well_watered,GC/MS,Glutamic_acid_2TMS,NA
Chardonnay,dry,GC/MS,Glutamic_acid_2TMS,0.597292681
Chardonnay,well_watered,GC/MS,Glutamic_acid_2TMS,0.698439137
Semillon,dry,GC/MS,Glutamic_acid_2TMS,-0.018689745
Semillon,well_watered,GC/MS,Glutamic_acid_2TMS,0.170948119
Cabernet_Sauvignon,dry,GC/MS,Glutamic_acid_3TMS,-0.52735136
Cabernet_Sauvignon,well_watered,GC/MS,Glutamic_acid_3TMS,0.067612485
Merlot,dry,GC/MS,Glutamic_acid_3TMS,NA
Merlot,well_watered,GC/MS,Glutamic_acid_3TMS,NA
Pinot_Noir,dry,GC/MS,Glutamic_acid_3TMS,-1.220757769
Pinot_Noir,well_watered,GC/MS,Glutamic_acid_3TMS,-0.391828852
Chardonnay,dry,GC/MS,Glutamic_acid_3TMS,1.340080571
Chardonnay,well_watered,GC/MS,Glutamic_acid_3TMS,1.880355482
Semillon,dry,GC/MS,Glutamic_acid_3TMS,-0.25769731
Semillon,well_watered,GC/MS,Glutamic_acid_3TMS,-0.165584681
Cabernet_Sauvignon,dry,GC/MS,Glutamine_2TMS,-2.646291438
Cabernet_Sauvignon,well_watered,GC/MS,Glutamine_2TMS,-2.216796392
Merlot,dry,GC/MS,Glutamine_2TMS,NA
Merlot,well_watered,GC/MS,Glutamine_2TMS,NA
Pinot_Noir,dry,GC/MS,Glutamine_2TMS,NA
Pinot_Noir,well_watered,GC/MS,Glutamine_2TMS,NA
Chardonnay,dry,GC/MS,Glutamine_2TMS,-1.861472734
Chardonnay,well_watered,GC/MS,Glutamine_2TMS,-1.429411805
Semillon,dry,GC/MS,Glutamine_2TMS,NA
Semillon,well_watered,GC/MS,Glutamine_2TMS,NA
Cabernet_Sauvignon,dry,GC/MS,Glutamine_3TMS,-2.280496771
Cabernet_Sauvignon,well_watered,GC/MS,Glutamine_3TMS,-2.629733516
Merlot,dry,GC/MS,Glutamine_3TMS,-2.925460577
Merlot,well_watered,GC/MS,Glutamine_3TMS,-2.561003909
Pinot_Noir,dry,GC/MS,Glutamine_3TMS,NA
Pinot_Noir,well_watered,GC/MS,Glutamine_3TMS,NA
Chardonnay,dry,GC/MS,Glutamine_3TMS,0.076624758
Chardonnay,well_watered,GC/MS,Glutamine_3TMS,1.330801123
Semillon,dry,GC/MS,Glutamine_3TMS,-1.667914877
Semillon,well_watered,GC/MS,Glutamine_3TMS,-1.730501287
Cabernet_Sauvignon,dry,GC/MS,Glyceric_acid,-2.909580379
Cabernet_Sauvignon,well_watered,GC/MS,Glyceric_acid,-2.295533968
Merlot,dry,GC/MS,Glyceric_acid,-2.53606128
Merlot,well_watered,GC/MS,Glyceric_acid,-2.315969218
Pinot_Noir,dry,GC/MS,Glyceric_acid,-2.181681383
Pinot_Noir,well_watered,GC/MS,Glyceric_acid,-1.97556975
Chardonnay,dry,GC/MS,Glyceric_acid,-1.949739593
Chardonnay,well_watered,GC/MS,Glyceric_acid,-1.603140157
Semillon,dry,GC/MS,Glyceric_acid,-1.844194528
Semillon,well_watered,GC/MS,Glyceric_acid,-1.52681787
Cabernet_Sauvignon,dry,GC/MS,Gulonic_acid,-1.294479948
Cabernet_Sauvignon,well_watered,GC/MS,Gulonic_acid,-1.311738188
Merlot,dry,GC/MS,Gulonic_acid,-0.115928116
Merlot,well_watered,GC/MS,Gulonic_acid,-0.377344987
Pinot_Noir,dry,GC/MS,Gulonic_acid,-0.683731785
Pinot_Noir,well_watered,GC/MS,Gulonic_acid,-1.254020937
Chardonnay,dry,GC/MS,Gulonic_acid,1.138853919
Chardonnay,well_watered,GC/MS,Gulonic_acid,1.203491577
Semillon,dry,GC/MS,Gulonic_acid,-1.503410946
Semillon,well_watered,GC/MS,Gulonic_acid,-1.591033601
Cabernet_Sauvignon,dry,GC/MS,Inositol_myo_6TMS,4.534753692
Cabernet_Sauvignon,well_watered,GC/MS,Inositol_myo_6TMS,4.405127178
Merlot,dry,GC/MS,Inositol_myo_6TMS,4.218800548
Merlot,well_watered,GC/MS,Inositol_myo_6TMS,4.277236092
Pinot_Noir,dry,GC/MS,Inositol_myo_6TMS,4.840366087
Pinot_Noir,well_watered,GC/MS,Inositol_myo_6TMS,4.584075708
Chardonnay,dry,GC/MS,Inositol_myo_6TMS,3.733063961
Chardonnay,well_watered,GC/MS,Inositol_myo_6TMS,3.700192535
Semillon,dry,GC/MS,Inositol_myo_6TMS,5.006502786
Semillon,well_watered,GC/MS,Inositol_myo_6TMS,5.203774705
Cabernet_Sauvignon,dry,GC/MS,Leucine_1TMS,1.221260593
Cabernet_Sauvignon,well_watered,GC/MS,Leucine_1TMS,0.823121317
Merlot,dry,GC/MS,Leucine_1TMS,-0.91400248
Merlot,well_watered,GC/MS,Leucine_1TMS,-0.69689519
Pinot_Noir,dry,GC/MS,Leucine_1TMS,0.472099679
Pinot_Noir,well_watered,GC/MS,Leucine_1TMS,0.150313861
Chardonnay,dry,GC/MS,Leucine_1TMS,2.269027243
Chardonnay,well_watered,GC/MS,Leucine_1TMS,1.990234249
Semillon,dry,GC/MS,Leucine_1TMS,-1.168315806
Semillon,well_watered,GC/MS,Leucine_1TMS,-0.924058684
Cabernet_Sauvignon,dry,GC/MS,Leucine_2TMS,2.056662274
Cabernet_Sauvignon,well_watered,GC/MS,Leucine_2TMS,1.413347481
Merlot,dry,GC/MS,Leucine_2TMS,-0.804703201
Merlot,well_watered,GC/MS,Leucine_2TMS,-0.440595453
Pinot_Noir,dry,GC/MS,Leucine_2TMS,0.916489779
Pinot_Noir,well_watered,GC/MS,Leucine_2TMS,0.965894362
Chardonnay,dry,GC/MS,Leucine_2TMS,1.972615245
Chardonnay,well_watered,GC/MS,Leucine_2TMS,2.0480566
Semillon,dry,GC/MS,Leucine_2TMS,-0.256583048
Semillon,well_watered,GC/MS,Leucine_2TMS,0.124568086
Cabernet_Sauvignon,dry,GC/MS,Lyxonic_acid_5TMS,-0.466021593
Cabernet_Sauvignon,well_watered,GC/MS,Lyxonic_acid_5TMS,-0.469991265
Merlot,dry,GC/MS,Lyxonic_acid_5TMS,-1.236138895
Merlot,well_watered,GC/MS,Lyxonic_acid_5TMS,-1.156419409
Pinot_Noir,dry,GC/MS,Lyxonic_acid_5TMS,-0.539819737
Pinot_Noir,well_watered,GC/MS,Lyxonic_acid_5TMS,-0.621347082
Chardonnay,dry,GC/MS,Lyxonic_acid_5TMS,-1.789390934
Chardonnay,well_watered,GC/MS,Lyxonic_acid_5TMS,-1.91574087
Semillon,dry,GC/MS,Lyxonic_acid_5TMS,-1.105839306
Semillon,well_watered,GC/MS,Lyxonic_acid_5TMS,-0.890065217
Cabernet_Sauvignon,dry,GC/MS,Maleic_acid_2TMS,-3.203041033
Cabernet_Sauvignon,well_watered,GC/MS,Maleic_acid_2TMS,-2.636193109
Merlot,dry,GC/MS,Maleic_acid_2TMS,NA
Merlot,well_watered,GC/MS,Maleic_acid_2TMS,NA
Pinot_Noir,dry,GC/MS,Maleic_acid_2TMS,NA
Pinot_Noir,well_watered,GC/MS,Maleic_acid_2TMS,NA
Chardonnay,dry,GC/MS,Maleic_acid_2TMS,-1.489145152
Chardonnay,well_watered,GC/MS,Maleic_acid_2TMS,-1.545562799
Semillon,dry,GC/MS,Maleic_acid_2TMS,NA
Semillon,well_watered,GC/MS,Maleic_acid_2TMS,NA
Cabernet_Sauvignon,dry,GC/MS,Malic_acid_3TMS,4.680757128
Cabernet_Sauvignon,well_watered,GC/MS,Malic_acid_3TMS,5.375350578
Merlot,dry,GC/MS,Malic_acid_3TMS,3.19832258
Merlot,well_watered,GC/MS,Malic_acid_3TMS,3.375475849
Pinot_Noir,dry,GC/MS,Malic_acid_3TMS,4.532856025
Pinot_Noir,well_watered,GC/MS,Malic_acid_3TMS,4.827577781
Chardonnay,dry,GC/MS,Malic_acid_3TMS,5.660427788
Chardonnay,well_watered,GC/MS,Malic_acid_3TMS,5.75213801
Semillon,dry,GC/MS,Malic_acid_3TMS,3.447777549
Semillon,well_watered,GC/MS,Malic_acid_3TMS,5.172965421
Cabernet_Sauvignon,dry,GC/MS,Malonic_acid_3TMS,-3.534593634
Cabernet_Sauvignon,well_watered,GC/MS,Malonic_acid_3TMS,-3.529160356
Merlot,dry,GC/MS,Malonic_acid_3TMS,NA
Merlot,well_watered,GC/MS,Malonic_acid_3TMS,NA
Pinot_Noir,dry,GC/MS,Malonic_acid_3TMS,NA
Pinot_Noir,well_watered,GC/MS,Malonic_acid_3TMS,NA
Chardonnay,dry,GC/MS,Malonic_acid_3TMS,-0.833598485
Chardonnay,well_watered,GC/MS,Malonic_acid_3TMS,-1.051899258
Semillon,dry,GC/MS,Malonic_acid_3TMS,NA
Semillon,well_watered,GC/MS,Malonic_acid_3TMS,NA
Cabernet_Sauvignon,dry,GC/MS,Morin_5TMS,-0.753622973
Cabernet_Sauvignon,well_watered,GC/MS,Morin_5TMS,-1.263878193
Merlot,dry,GC/MS,Morin_5TMS,0.82303652
Merlot,well_watered,GC/MS,Morin_5TMS,0.881390581
Pinot_Noir,dry,GC/MS,Morin_5TMS,0.41583354
Pinot_Noir,well_watered,GC/MS,Morin_5TMS,0.514991099
Chardonnay,dry,GC/MS,Morin_5TMS,-1.440309273
Chardonnay,well_watered,GC/MS,Morin_5TMS,-1.288368385
Semillon,dry,GC/MS,Morin_5TMS,-0.439847691
Semillon,well_watered,GC/MS,Morin_5TMS,-0.841501523
Cabernet_Sauvignon,dry,GC/MS,Nicotinic_acid_1TMS,-0.414019698
Cabernet_Sauvignon,well_watered,GC/MS,Nicotinic_acid_1TMS,-0.749324745
Merlot,dry,GC/MS,Nicotinic_acid_1TMS,NA
Merlot,well_watered,GC/MS,Nicotinic_acid_1TMS,NA
Pinot_Noir,dry,GC/MS,Nicotinic_acid_1TMS,NA
Pinot_Noir,well_watered,GC/MS,Nicotinic_acid_1TMS,NA
Chardonnay,dry,GC/MS,Nicotinic_acid_1TMS,-1.628266953
Chardonnay,well_watered,GC/MS,Nicotinic_acid_1TMS,-1.542575813
Semillon,dry,GC/MS,Nicotinic_acid_1TMS,-2.306439515
Semillon,well_watered,GC/MS,Nicotinic_acid_1TMS,-2.046698791
Cabernet_Sauvignon,dry,GC/MS,Ornithine_3TMS,-3.666106915
Cabernet_Sauvignon,well_watered,GC/MS,Ornithine_3TMS,-2.876750887
Merlot,dry,GC/MS,Ornithine_3TMS,-1.257072462
Merlot,well_watered,GC/MS,Ornithine_3TMS,-3.743876844
Pinot_Noir,dry,GC/MS,Ornithine_3TMS,1.356620798
Pinot_Noir,well_watered,GC/MS,Ornithine_3TMS,0.399342832
Chardonnay,dry,GC/MS,Ornithine_3TMS,2.544447937
Chardonnay,well_watered,GC/MS,Ornithine_3TMS,3.500680175
Semillon,dry,GC/MS,Ornithine_3TMS,-2.360491477
Semillon,well_watered,GC/MS,Ornithine_3TMS,-0.267195177
Cabernet_Sauvignon,dry,GC/MS,Ornithine_4TMS,NA
Cabernet_Sauvignon,well_watered,GC/MS,Ornithine_4TMS,NA
Merlot,dry,GC/MS,Ornithine_4TMS,-4.214584178
Merlot,well_watered,GC/MS,Ornithine_4TMS,-4.057466562
Pinot_Noir,dry,GC/MS,Ornithine_4TMS,NA
Pinot_Noir,well_watered,GC/MS,Ornithine_4TMS,NA
Chardonnay,dry,GC/MS,Ornithine_4TMS,-4.806569716
Chardonnay,well_watered,GC/MS,Ornithine_4TMS,-4.902221436
Semillon,dry,GC/MS,Ornithine_4TMS,NA
Semillon,well_watered,GC/MS,Ornithine_4TMS,NA
Cabernet_Sauvignon,dry,GC/MS,Phenylalanine_1TMS,-1.692301939
Cabernet_Sauvignon,well_watered,GC/MS,Phenylalanine_1TMS,-1.269551093
Merlot,dry,GC/MS,Phenylalanine_1TMS,-3.988314111
Merlot,well_watered,GC/MS,Phenylalanine_1TMS,-2.659655081
Pinot_Noir,dry,GC/MS,Phenylalanine_1TMS,-2.076228963
Pinot_Noir,well_watered,GC/MS,Phenylalanine_1TMS,-1.89436215
Chardonnay,dry,GC/MS,Phenylalanine_1TMS,0.620090992
Chardonnay,well_watered,GC/MS,Phenylalanine_1TMS,0.339410197
Semillon,dry,GC/MS,Phenylalanine_1TMS,-2.260883427
Semillon,well_watered,GC/MS,Phenylalanine_1TMS,-1.404693805
Cabernet_Sauvignon,dry,GC/MS,Phenylalanine_2TMS,-1.440316316
Cabernet_Sauvignon,well_watered,GC/MS,Phenylalanine_2TMS,-1.292058169
Merlot,dry,GC/MS,Phenylalanine_2TMS,-1.525858378
Merlot,well_watered,GC/MS,Phenylalanine_2TMS,-0.688000117
Pinot_Noir,dry,GC/MS,Phenylalanine_2TMS,-1.782608282
Pinot_Noir,well_watered,GC/MS,Phenylalanine_2TMS,-1.803215179
Chardonnay,dry,GC/MS,Phenylalanine_2TMS,1.127275211
Chardonnay,well_watered,GC/MS,Phenylalanine_2TMS,1.046978104
Semillon,dry,GC/MS,Phenylalanine_2TMS,-2.305477602
Semillon,well_watered,GC/MS,Phenylalanine_2TMS,-1.642819953
Cabernet_Sauvignon,dry,GC/MS,Phosphoric_acid_3TMS,4.400375593
Cabernet_Sauvignon,well_watered,GC/MS,Phosphoric_acid_3TMS,4.65028402
Merlot,dry,GC/MS,Phosphoric_acid_3TMS,4.733625014
Merlot,well_watered,GC/MS,Phosphoric_acid_3TMS,5.123606847
Pinot_Noir,dry,GC/MS,Phosphoric_acid_3TMS,5.059887477
Pinot_Noir,well_watered,GC/MS,Phosphoric_acid_3TMS,5.037206497
Chardonnay,dry,GC/MS,Phosphoric_acid_3TMS,5.096727604
Chardonnay,well_watered,GC/MS,Phosphoric_acid_3TMS,5.152145123
Semillon,dry,GC/MS,Phosphoric_acid_3TMS,4.578643556
Semillon,well_watered,GC/MS,Phosphoric_acid_3TMS,5.122651331
Cabernet_Sauvignon,dry,GC/MS,Proline_1TMS,3.581958805
Cabernet_Sauvignon,well_watered,GC/MS,Proline_1TMS,3.507092455
Merlot,dry,GC/MS,Proline_1TMS,1.126118291
Merlot,well_watered,GC/MS,Proline_1TMS,1.599567424
Pinot_Noir,dry,GC/MS,Proline_1TMS,0.310986744
Pinot_Noir,well_watered,GC/MS,Proline_1TMS,0.855645169
Chardonnay,dry,GC/MS,Proline_1TMS,1.794341547
Chardonnay,well_watered,GC/MS,Proline_1TMS,1.877978231
Semillon,dry,GC/MS,Proline_1TMS,-0.398338032
Semillon,well_watered,GC/MS,Proline_1TMS,-0.031928022
Cabernet_Sauvignon,dry,GC/MS,Proline_2TMS,7.864784283
Cabernet_Sauvignon,well_watered,GC/MS,Proline_2TMS,7.589940267
Merlot,dry,GC/MS,Proline_2TMS,4.772706413
Merlot,well_watered,GC/MS,Proline_2TMS,5.324048966
Pinot_Noir,dry,GC/MS,Proline_2TMS,4.509895461
Pinot_Noir,well_watered,GC/MS,Proline_2TMS,5.047856846
Chardonnay,dry,GC/MS,Proline_2TMS,5.542630734
Chardonnay,well_watered,GC/MS,Proline_2TMS,5.789556428
Semillon,dry,GC/MS,Proline_2TMS,5.166333692
Semillon,well_watered,GC/MS,Proline_2TMS,5.343713242
Cabernet_Sauvignon,dry,GC/MS,Proline_CO2_2TMS,2.163542718
Cabernet_Sauvignon,well_watered,GC/MS,Proline_CO2_2TMS,2.079486529
Merlot,dry,GC/MS,Proline_CO2_2TMS,4.547974896
Merlot,well_watered,GC/MS,Proline_CO2_2TMS,4.429907971
Pinot_Noir,dry,GC/MS,Proline_CO2_2TMS,4.22379302
Pinot_Noir,well_watered,GC/MS,Proline_CO2_2TMS,3.887593168
Chardonnay,dry,GC/MS,Proline_CO2_2TMS,1.80709308
Chardonnay,well_watered,GC/MS,Proline_CO2_2TMS,1.107761441
Semillon,dry,GC/MS,Proline_CO2_2TMS,2.069888776
Semillon,well_watered,GC/MS,Proline_CO2_2TMS,1.964429321
Cabernet_Sauvignon,dry,GC/MS,Pyroglutamic_acid_2TMS,3.581542451
Cabernet_Sauvignon,well_watered,GC/MS,Pyroglutamic_acid_2TMS,3.807045733
Merlot,dry,GC/MS,Pyroglutamic_acid_2TMS,3.546486737
Merlot,well_watered,GC/MS,Pyroglutamic_acid_2TMS,3.565026764
Pinot_Noir,dry,GC/MS,Pyroglutamic_acid_2TMS,4.823111713
Pinot_Noir,well_watered,GC/MS,Pyroglutamic_acid_2TMS,5.037866092
Chardonnay,dry,GC/MS,Pyroglutamic_acid_2TMS,5.407805484
Chardonnay,well_watered,GC/MS,Pyroglutamic_acid_2TMS,5.916542523
Semillon,dry,GC/MS,Pyroglutamic_acid_2TMS,4.476008466
Semillon,well_watered,GC/MS,Pyroglutamic_acid_2TMS,4.581283139
Cabernet_Sauvignon,dry,GC/MS,Raffinose_11TMS,-1.365304887
Cabernet_Sauvignon,well_watered,GC/MS,Raffinose_11TMS,-1.117865184
Merlot,dry,GC/MS,Raffinose_11TMS,-4.373617234
Merlot,well_watered,GC/MS,Raffinose_11TMS,-4.524311543
Pinot_Noir,dry,GC/MS,Raffinose_11TMS,NA
Pinot_Noir,well_watered,GC/MS,Raffinose_11TMS,NA
Chardonnay,dry,GC/MS,Raffinose_11TMS,-0.78715746
Chardonnay,well_watered,GC/MS,Raffinose_11TMS,-0.903385297
Semillon,dry,GC/MS,Raffinose_11TMS,NA
Semillon,well_watered,GC/MS,Raffinose_11TMS,NA
Cabernet_Sauvignon,dry,GC/MS,Ribitol_5TMS,-14.62372842
Cabernet_Sauvignon,well_watered,GC/MS,Ribitol_5TMS,-14.51862041
Merlot,dry,GC/MS,Ribitol_5TMS,-13.33956286
Merlot,well_watered,GC/MS,Ribitol_5TMS,-13.44205773
Pinot_Noir,dry,GC/MS,Ribitol_5TMS,-13.04791416
Pinot_Noir,well_watered,GC/MS,Ribitol_5TMS,-12.94887059
Chardonnay,dry,GC/MS,Ribitol_5TMS,-16.0617886
Chardonnay,well_watered,GC/MS,Ribitol_5TMS,-16.28515375
Semillon,dry,GC/MS,Ribitol_5TMS,-13.6114965
Semillon,well_watered,GC/MS,Ribitol_5TMS,-13.75041984
Cabernet_Sauvignon,dry,GC/MS,Ribonic_acid_5TMS,-1.317916508
Cabernet_Sauvignon,well_watered,GC/MS,Ribonic_acid_5TMS,-1.473247751
Merlot,dry,GC/MS,Ribonic_acid_5TMS,-1.421064855
Merlot,well_watered,GC/MS,Ribonic_acid_5TMS,-1.573297609
Pinot_Noir,dry,GC/MS,Ribonic_acid_5TMS,-1.479076601
Pinot_Noir,well_watered,GC/MS,Ribonic_acid_5TMS,-1.17228699
Chardonnay,dry,GC/MS,Ribonic_acid_5TMS,-2.547706461
Chardonnay,well_watered,GC/MS,Ribonic_acid_5TMS,-2.373093836
Semillon,dry,GC/MS,Ribonic_acid_5TMS,-1.585862189
Semillon,well_watered,GC/MS,Ribonic_acid_5TMS,-1.277481355
Cabernet_Sauvignon,dry,GC/MS,Sernie_2TMS,1.413509066
Cabernet_Sauvignon,well_watered,GC/MS,Sernie_2TMS,1.504671362
Merlot,dry,GC/MS,Sernie_2TMS,0.919310294
Merlot,well_watered,GC/MS,Sernie_2TMS,1.376350526
Pinot_Noir,dry,GC/MS,Sernie_2TMS,1.699216517
Pinot_Noir,well_watered,GC/MS,Sernie_2TMS,1.811713581
Chardonnay,dry,GC/MS,Sernie_2TMS,2.850092715
Chardonnay,well_watered,GC/MS,Sernie_2TMS,3.201021702
Semillon,dry,GC/MS,Sernie_2TMS,1.745007129
Semillon,well_watered,GC/MS,Sernie_2TMS,2.018985059
Cabernet_Sauvignon,dry,GC/MS,Serine_3TMS,1.229811032
Cabernet_Sauvignon,well_watered,GC/MS,Serine_3TMS,0.94741586
Merlot,dry,GC/MS,Serine_3TMS,-0.237904245
Merlot,well_watered,GC/MS,Serine_3TMS,0.220238057
Pinot_Noir,dry,GC/MS,Serine_3TMS,0.860418254
Pinot_Noir,well_watered,GC/MS,Serine_3TMS,1.044514427
Chardonnay,dry,GC/MS,Serine_3TMS,2.701317705
Chardonnay,well_watered,GC/MS,Serine_3TMS,3.279689196
Semillon,dry,GC/MS,Serine_3TMS,0.895731626
Semillon,well_watered,GC/MS,Serine_3TMS,1.402892762
Cabernet_Sauvignon,dry,GC/MS,Shikimic_acid_4TMS,2.099514172
Cabernet_Sauvignon,well_watered,GC/MS,Shikimic_acid_4TMS,2.495574837
Merlot,dry,GC/MS,Shikimic_acid_4TMS,-2.149593539
Merlot,well_watered,GC/MS,Shikimic_acid_4TMS,-2.21089754
Pinot_Noir,dry,GC/MS,Shikimic_acid_4TMS,NA
Pinot_Noir,well_watered,GC/MS,Shikimic_acid_4TMS,NA
Chardonnay,dry,GC/MS,Shikimic_acid_4TMS,NA
Chardonnay,well_watered,GC/MS,Shikimic_acid_4TMS,NA
Semillon,dry,GC/MS,Shikimic_acid_4TMS,NA
Semillon,well_watered,GC/MS,Shikimic_acid_4TMS,NA
Cabernet_Sauvignon,dry,GC/MS,Sucrose_8TMS,8.621721709
Cabernet_Sauvignon,well_watered,GC/MS,Sucrose_8TMS,8.703698025
Merlot,dry,GC/MS,Sucrose_8TMS,9.026682046
Merlot,well_watered,GC/MS,Sucrose_8TMS,8.936287496
Pinot_Noir,dry,GC/MS,Sucrose_8TMS,8.899922558
Pinot_Noir,well_watered,GC/MS,Sucrose_8TMS,8.903539385
Chardonnay,dry,GC/MS,Sucrose_8TMS,7.935152696
Chardonnay,well_watered,GC/MS,Sucrose_8TMS,7.817882245
Semillon,dry,GC/MS,Sucrose_8TMS,8.792254811
Semillon,well_watered,GC/MS,Sucrose_8TMS,8.712139585
Cabernet_Sauvignon,dry,GC/MS,Tartaric_acid_4TMS,5.040971339
Cabernet_Sauvignon,well_watered,GC/MS,Tartaric_acid_4TMS,4.834477356
Merlot,dry,GC/MS,Tartaric_acid_4TMS,4.67506515
Merlot,well_watered,GC/MS,Tartaric_acid_4TMS,5.196601852
Pinot_Noir,dry,GC/MS,Tartaric_acid_4TMS,5.175605393
Pinot_Noir,well_watered,GC/MS,Tartaric_acid_4TMS,4.978428889
Chardonnay,dry,GC/MS,Tartaric_acid_4TMS,3.927252374
Chardonnay,well_watered,GC/MS,Tartaric_acid_4TMS,3.72207519
Semillon,dry,GC/MS,Tartaric_acid_4TMS,4.599672034
Semillon,well_watered,GC/MS,Tartaric_acid_4TMS,4.623541567
Cabernet_Sauvignon,dry,GC/MS,Threonic_acid_4TMS,-2.917682186
Cabernet_Sauvignon,well_watered,GC/MS,Threonic_acid_4TMS,-2.683744036
Merlot,dry,GC/MS,Threonic_acid_4TMS,-2.338894411
Merlot,well_watered,GC/MS,Threonic_acid_4TMS,-2.576661197
Pinot_Noir,dry,GC/MS,Threonic_acid_4TMS,-1.333446029
Pinot_Noir,well_watered,GC/MS,Threonic_acid_4TMS,-1.353620354
Chardonnay,dry,GC/MS,Threonic_acid_4TMS,-2.512707235
Chardonnay,well_watered,GC/MS,Threonic_acid_4TMS,-2.479693694
Semillon,dry,GC/MS,Threonic_acid_4TMS,-2.440384183
Semillon,well_watered,GC/MS,Threonic_acid_4TMS,-2.411629779
Cabernet_Sauvignon,dry,GC/MS,Threonine_2TMS,-0.193556939
Cabernet_Sauvignon,well_watered,GC/MS,Threonine_2TMS,-0.22532929
Merlot,dry,GC/MS,Threonine_2TMS,-1.419670732
Merlot,well_watered,GC/MS,Threonine_2TMS,-1.224432094
Pinot_Noir,dry,GC/MS,Threonine_2TMS,0.812512739
Pinot_Noir,well_watered,GC/MS,Threonine_2TMS,0.593686384
Chardonnay,dry,GC/MS,Threonine_2TMS,0.585812606
Chardonnay,well_watered,GC/MS,Threonine_2TMS,0.718261244
Semillon,dry,GC/MS,Threonine_2TMS,-0.207920646
Semillon,well_watered,GC/MS,Threonine_2TMS,0.037655575
Cabernet_Sauvignon,dry,GC/MS,Threonine_3TMS,0.509499307
Cabernet_Sauvignon,well_watered,GC/MS,Threonine_3TMS,0.230746956
Merlot,dry,GC/MS,Threonine_3TMS,-0.871309147
Merlot,well_watered,GC/MS,Threonine_3TMS,-0.467126754
Pinot_Noir,dry,GC/MS,Threonine_3TMS,1.246937679
Pinot_Noir,well_watered,GC/MS,Threonine_3TMS,1.109545768
Chardonnay,dry,GC/MS,Threonine_3TMS,2.071081987
Chardonnay,well_watered,GC/MS,Threonine_3TMS,2.338566991
Semillon,dry,GC/MS,Threonine_3TMS,0.77031221
Semillon,well_watered,GC/MS,Threonine_3TMS,1.156567159
Cabernet_Sauvignon,dry,GC/MS,Trehalose_alpha_alpha_D_8TMS,-0.256428556
Cabernet_Sauvignon,well_watered,GC/MS,Trehalose_alpha_alpha_D_8TMS,-0.574536577
Merlot,dry,GC/MS,Trehalose_alpha_alpha_D_8TMS,1.228084092
Merlot,well_watered,GC/MS,Trehalose_alpha_alpha_D_8TMS,1.075360705
Pinot_Noir,dry,GC/MS,Trehalose_alpha_alpha_D_8TMS,0.906135519
Pinot_Noir,well_watered,GC/MS,Trehalose_alpha_alpha_D_8TMS,0.698700199
Chardonnay,dry,GC/MS,Trehalose_alpha_alpha_D_8TMS,0.945705676
Chardonnay,well_watered,GC/MS,Trehalose_alpha_alpha_D_8TMS,1.089474974
Semillon,dry,GC/MS,Trehalose_alpha_alpha_D_8TMS,0.726802342
Semillon,well_watered,GC/MS,Trehalose_alpha_alpha_D_8TMS,0.742790314
Cabernet_Sauvignon,dry,GC/MS,Tryptophan_D5_2TMS,-5.028152476
Cabernet_Sauvignon,well_watered,GC/MS,Tryptophan_D5_2TMS,-5.178249789
Merlot,dry,GC/MS,Tryptophan_D5_2TMS,NA
Merlot,well_watered,GC/MS,Tryptophan_D5_2TMS,NA
Pinot_Noir,dry,GC/MS,Tryptophan_D5_2TMS,NA
Pinot_Noir,well_watered,GC/MS,Tryptophan_D5_2TMS,NA
Chardonnay,dry,GC/MS,Tryptophan_D5_2TMS,-0.66544132
Chardonnay,well_watered,GC/MS,Tryptophan_D5_2TMS,-0.580946602
Semillon,dry,GC/MS,Tryptophan_D5_2TMS,NA
Semillon,well_watered,GC/MS,Tryptophan_D5_2TMS,NA
Cabernet_Sauvignon,dry,GC/MS,Tyrosine_2TMS,1.371560518
Cabernet_Sauvignon,well_watered,GC/MS,Tyrosine_2TMS,0.734490633
Merlot,dry,GC/MS,Tyrosine_2TMS,-0.837071461
Merlot,well_watered,GC/MS,Tyrosine_2TMS,-0.507929874
Pinot_Noir,dry,GC/MS,Tyrosine_2TMS,0.733042765
Pinot_Noir,well_watered,GC/MS,Tyrosine_2TMS,0.532989565
Chardonnay,dry,GC/MS,Tyrosine_2TMS,3.096590123
Chardonnay,well_watered,GC/MS,Tyrosine_2TMS,3.242823834
Semillon,dry,GC/MS,Tyrosine_2TMS,-0.055523155
Semillon,well_watered,GC/MS,Tyrosine_2TMS,0.011604935
Cabernet_Sauvignon,dry,GC/MS,Uracil_2TMS,-4.59218091
Cabernet_Sauvignon,well_watered,GC/MS,Uracil_2TMS,-4.518533613
Merlot,dry,GC/MS,Uracil_2TMS,NA
Merlot,well_watered,GC/MS,Uracil_2TMS,NA
Pinot_Noir,dry,GC/MS,Uracil_2TMS,NA
Pinot_Noir,well_watered,GC/MS,Uracil_2TMS,NA
Chardonnay,dry,GC/MS,Uracil_2TMS,-4.413242657
Chardonnay,well_watered,GC/MS,Uracil_2TMS,-4.678114748
Semillon,dry,GC/MS,Uracil_2TMS,NA
Semillon,well_watered,GC/MS,Uracil_2TMS,NA
Cabernet_Sauvignon,dry,GC/MS,Valine_2TMS,1.825186771
Cabernet_Sauvignon,well_watered,GC/MS,Valine_2TMS,1.080582982
Merlot,dry,GC/MS,Valine_2TMS,-0.411443617
Merlot,well_watered,GC/MS,Valine_2TMS,-0.083375114
Pinot_Noir,dry,GC/MS,Valine_2TMS,1.400099949
Pinot_Noir,well_watered,GC/MS,Valine_2TMS,1.444019666
Chardonnay,dry,GC/MS,Valine_2TMS,1.907909892
Chardonnay,well_watered,GC/MS,Valine_2TMS,2.101244055
Semillon,dry,GC/MS,Valine_2TMS,0.852681988
Semillon,well_watered,GC/MS,Valine_2TMS,1.193312518
Cabernet_Sauvignon,dry,LC/MS,Epigallocatechin,4.170436599
Cabernet_Sauvignon,well_watered,LC/MS,Epigallocatechin,4.048317754
Merlot,dry,LC/MS,Epigallocatechin,4.989706916
Merlot,well_watered,LC/MS,Epigallocatechin,4.793875286
Pinot_Noir,dry,LC/MS,Epigallocatechin,3.117318055
Pinot_Noir,well_watered,LC/MS,Epigallocatechin,3.134016676
Chardonnay,dry,LC/MS,Epigallocatechin,3.734102577
Chardonnay,well_watered,LC/MS,Epigallocatechin,3.829227205
Semillon,dry,LC/MS,Epigallocatechin,4.862006709
Semillon,well_watered,LC/MS,Epigallocatechin,4.666357348
Cabernet_Sauvignon,dry,LC/MS,Catechin,4.865047738
Cabernet_Sauvignon,well_watered,LC/MS,Catechin,4.966386751
Merlot,dry,LC/MS,Catechin,6.123202189
Merlot,well_watered,LC/MS,Catechin,5.697932429
Pinot_Noir,dry,LC/MS,Catechin,4.988152163
Pinot_Noir,well_watered,LC/MS,Catechin,4.944538588
Chardonnay,dry,LC/MS,Catechin,5.996698794
Chardonnay,well_watered,LC/MS,Catechin,5.37123297
Semillon,dry,LC/MS,Catechin,6.440388519
Semillon,well_watered,LC/MS,Catechin,6.467114539
Cabernet_Sauvignon,dry,LC/MS,Astilbin,3.812646874
Cabernet_Sauvignon,well_watered,LC/MS,Astilbin,3.828856624
Merlot,dry,LC/MS,Astilbin,4.601832823
Merlot,well_watered,LC/MS,Astilbin,4.541140609
Pinot_Noir,dry,LC/MS,Astilbin,7.410891654
Pinot_Noir,well_watered,LC/MS,Astilbin,7.361349161
Chardonnay,dry,LC/MS,Astilbin,7.147246952
Chardonnay,well_watered,LC/MS,Astilbin,7.171603373
Semillon,dry,LC/MS,Astilbin,7.845025553
Semillon,well_watered,LC/MS,Astilbin,7.713182537
Cabernet_Sauvignon,dry,LC/MS,cis_Resveratrol,3.91361021
Cabernet_Sauvignon,well_watered,LC/MS,cis_Resveratrol,4.156044092
Merlot,dry,LC/MS,cis_Resveratrol,5.667953789
Merlot,well_watered,LC/MS,cis_Resveratrol,5.736293188
Pinot_Noir,dry,LC/MS,cis_Resveratrol,5.765452553
Pinot_Noir,well_watered,LC/MS,cis_Resveratrol,5.721431426
Chardonnay,dry,LC/MS,cis_Resveratrol,4.429078691
Chardonnay,well_watered,LC/MS,cis_Resveratrol,4.482730638
Semillon,dry,LC/MS,cis_Resveratrol,3.28585829
Semillon,well_watered,LC/MS,cis_Resveratrol,3.135978081
Cabernet_Sauvignon,dry,LC/MS,cis_Piceid,1.716679749
Cabernet_Sauvignon,well_watered,LC/MS,cis_Piceid,2.055686949
Merlot,dry,LC/MS,cis_Piceid,2.751348388
Merlot,well_watered,LC/MS,cis_Piceid,2.5404309
Pinot_Noir,dry,LC/MS,cis_Piceid,3.066268993
Pinot_Noir,well_watered,LC/MS,cis_Piceid,3.014418516
Chardonnay,dry,LC/MS,cis_Piceid,0.716221427
Chardonnay,well_watered,LC/MS,cis_Piceid,0.966820624
Semillon,dry,LC/MS,cis_Piceid,1.368850819
Semillon,well_watered,LC/MS,cis_Piceid,1.474022456
Cabernet_Sauvignon,dry,LC/MS,Citric_acid,6.604650452
Cabernet_Sauvignon,well_watered,LC/MS,Citric_acid,7.100713634
Merlot,dry,LC/MS,Citric_acid,5.930149783
Merlot,well_watered,LC/MS,Citric_acid,5.928828012
Pinot_Noir,dry,LC/MS,Citric_acid,7.012806133
Pinot_Noir,well_watered,LC/MS,Citric_acid,7.151411374
Chardonnay,dry,LC/MS,Citric_acid,7.541761421
Chardonnay,well_watered,LC/MS,Citric_acid,7.381001346
Semillon,dry,LC/MS,Citric_acid,6.807062586
Semillon,well_watered,LC/MS,Citric_acid,6.938510417
Cabernet_Sauvignon,dry,LC/MS,Coumaric_acid_hexoside,3.605174393
Cabernet_Sauvignon,well_watered,LC/MS,Coumaric_acid_hexoside,3.622214011
Merlot,dry,LC/MS,Coumaric_acid_hexoside,3.414316315
Merlot,well_watered,LC/MS,Coumaric_acid_hexoside,3.518243601
Pinot_Noir,dry,LC/MS,Coumaric_acid_hexoside,3.585439363
Pinot_Noir,well_watered,LC/MS,Coumaric_acid_hexoside,3.361953015
Chardonnay,dry,LC/MS,Coumaric_acid_hexoside,4.172782885
Chardonnay,well_watered,LC/MS,Coumaric_acid_hexoside,4.018729895
Semillon,dry,LC/MS,Coumaric_acid_hexoside,3.569217253
Semillon,well_watered,LC/MS,Coumaric_acid_hexoside,3.55134656
Cabernet_Sauvignon,dry,LC/MS,Cyanidin_3_O_6_acetylglucoside,5.150677552
Cabernet_Sauvignon,well_watered,LC/MS,Cyanidin_3_O_6_acetylglucoside,5.523403796
Merlot,dry,LC/MS,Cyanidin_3_O_6_acetylglucoside,6.649892365
Merlot,well_watered,LC/MS,Cyanidin_3_O_6_acetylglucoside,6.586247334
Pinot_Noir,dry,LC/MS,Cyanidin_3_O_6_acetylglucoside,NA
Pinot_Noir,well_watered,LC/MS,Cyanidin_3_O_6_acetylglucoside,NA
Chardonnay,dry,LC/MS,Cyanidin_3_O_6_acetylglucoside,NA
Chardonnay,well_watered,LC/MS,Cyanidin_3_O_6_acetylglucoside,NA
Semillon,dry,LC/MS,Cyanidin_3_O_6_acetylglucoside,NA
Semillon,well_watered,LC/MS,Cyanidin_3_O_6_acetylglucoside,NA
Cabernet_Sauvignon,dry,LC/MS,Cyanidin_3_O_6_p_coumaroylglucoside,4.047561382
Cabernet_Sauvignon,well_watered,LC/MS,Cyanidin_3_O_6_p_coumaroylglucoside,4.300499853
Merlot,dry,LC/MS,Cyanidin_3_O_6_p_coumaroylglucoside,6.057465501
Merlot,well_watered,LC/MS,Cyanidin_3_O_6_p_coumaroylglucoside,6.009352755
Pinot_Noir,dry,LC/MS,Cyanidin_3_O_6_p_coumaroylglucoside,NA
Pinot_Noir,well_watered,LC/MS,Cyanidin_3_O_6_p_coumaroylglucoside,NA
Chardonnay,dry,LC/MS,Cyanidin_3_O_6_p_coumaroylglucoside,NA
Chardonnay,well_watered,LC/MS,Cyanidin_3_O_6_p_coumaroylglucoside,NA
Semillon,dry,LC/MS,Cyanidin_3_O_6_p_coumaroylglucoside,NA
Semillon,well_watered,LC/MS,Cyanidin_3_O_6_p_coumaroylglucoside,NA
Cabernet_Sauvignon,dry,LC/MS,Cyanidin_3_glucoside,6.388559893
Cabernet_Sauvignon,well_watered,LC/MS,Cyanidin_3_glucoside,6.808143434
Merlot,dry,LC/MS,Cyanidin_3_glucoside,8.192927231
Merlot,well_watered,LC/MS,Cyanidin_3_glucoside,8.037628322
Pinot_Noir,dry,LC/MS,Cyanidin_3_glucoside,6.914143061
Pinot_Noir,well_watered,LC/MS,Cyanidin_3_glucoside,6.999757236
Chardonnay,dry,LC/MS,Cyanidin_3_glucoside,NA
Chardonnay,well_watered,LC/MS,Cyanidin_3_glucoside,NA
Semillon,dry,LC/MS,Cyanidin_3_glucoside,NA
Semillon,well_watered,LC/MS,Cyanidin_3_glucoside,NA
Cabernet_Sauvignon,dry,LC/MS,Delphinidin_3_O_6_acetylglucoside,6.497728864
Cabernet_Sauvignon,well_watered,LC/MS,Delphinidin_3_O_6_acetylglucoside,6.556781423
Merlot,dry,LC/MS,Delphinidin_3_O_6_acetylglucoside,6.366612314
Merlot,well_watered,LC/MS,Delphinidin_3_O_6_acetylglucoside,6.202988826
Pinot_Noir,dry,LC/MS,Delphinidin_3_O_6_acetylglucoside,NA
Pinot_Noir,well_watered,LC/MS,Delphinidin_3_O_6_acetylglucoside,NA
Chardonnay,dry,LC/MS,Delphinidin_3_O_6_acetylglucoside,NA
Chardonnay,well_watered,LC/MS,Delphinidin_3_O_6_acetylglucoside,NA
Semillon,dry,LC/MS,Delphinidin_3_O_6_acetylglucoside,NA
Semillon,well_watered,LC/MS,Delphinidin_3_O_6_acetylglucoside,NA
Cabernet_Sauvignon,dry,LC/MS,Delphinidin_3_O_6_p_coumaroylglucoside,4.645298887
Cabernet_Sauvignon,well_watered,LC/MS,Delphinidin_3_O_6_p_coumaroylglucoside,4.748357266
Merlot,dry,LC/MS,Delphinidin_3_O_6_p_coumaroylglucoside,5.192335947
Merlot,well_watered,LC/MS,Delphinidin_3_O_6_p_coumaroylglucoside,5.005336845
Pinot_Noir,dry,LC/MS,Delphinidin_3_O_6_p_coumaroylglucoside,NA
Pinot_Noir,well_watered,LC/MS,Delphinidin_3_O_6_p_coumaroylglucoside,NA
Chardonnay,dry,LC/MS,Delphinidin_3_O_6_p_coumaroylglucoside,NA
Chardonnay,well_watered,LC/MS,Delphinidin_3_O_6_p_coumaroylglucoside,NA
Semillon,dry,LC/MS,Delphinidin_3_O_6_p_coumaroylglucoside,NA
Semillon,well_watered,LC/MS,Delphinidin_3_O_6_p_coumaroylglucoside,NA
Cabernet_Sauvignon,dry,LC/MS,Delphinidin_3_glucoside,4.94717173
Cabernet_Sauvignon,well_watered,LC/MS,Delphinidin_3_glucoside,4.707105147
Merlot,dry,LC/MS,Delphinidin_3_glucoside,5.401242933
Merlot,well_watered,LC/MS,Delphinidin_3_glucoside,5.521219343
Pinot_Noir,dry,LC/MS,Delphinidin_3_glucoside,5.367917258
Pinot_Noir,well_watered,LC/MS,Delphinidin_3_glucoside,5.432669182
Chardonnay,dry,LC/MS,Delphinidin_3_glucoside,NA
Chardonnay,well_watered,LC/MS,Delphinidin_3_glucoside,NA
Semillon,dry,LC/MS,Delphinidin_3_glucoside,NA
Semillon,well_watered,LC/MS,Delphinidin_3_glucoside,NA
Cabernet_Sauvignon,dry,LC/MS,Ferulate,2.220315988
Cabernet_Sauvignon,well_watered,LC/MS,Ferulate,2.336171082
Merlot,dry,LC/MS,Ferulate,2.754205545
Merlot,well_watered,LC/MS,Ferulate,2.763718118
Pinot_Noir,dry,LC/MS,Ferulate,3.110721734
Pinot_Noir,well_watered,LC/MS,Ferulate,3.141299546
Chardonnay,dry,LC/MS,Ferulate,3.515902256
Chardonnay,well_watered,LC/MS,Ferulate,3.475987722
Semillon,dry,LC/MS,Ferulate,3.949988502
Semillon,well_watered,LC/MS,Ferulate,3.813761527
Cabernet_Sauvignon,dry,LC/MS,Kaempferol_hexoside,6.796643109
Cabernet_Sauvignon,well_watered,LC/MS,Kaempferol_hexoside,6.387229949
Merlot,dry,LC/MS,Kaempferol_hexoside,6.914450541
Merlot,well_watered,LC/MS,Kaempferol_hexoside,6.763922499
Pinot_Noir,dry,LC/MS,Kaempferol_hexoside,6.169561919
Pinot_Noir,well_watered,LC/MS,Kaempferol_hexoside,6.094899746
Chardonnay,dry,LC/MS,Kaempferol_hexoside,7.7687821
Chardonnay,well_watered,LC/MS,Kaempferol_hexoside,7.716532338
Semillon,dry,LC/MS,Kaempferol_hexoside,8.228303329
Semillon,well_watered,LC/MS,Kaempferol_hexoside,7.940870324
Cabernet_Sauvignon,dry,LC/MS,Malvidin_3_O_6_acetylglucoside,10.39997018
Cabernet_Sauvignon,well_watered,LC/MS,Malvidin_3_O_6_acetylglucoside,10.29244901
Merlot,dry,LC/MS,Malvidin_3_O_6_acetylglucoside,9.334973929
Merlot,well_watered,LC/MS,Malvidin_3_O_6_acetylglucoside,9.155699482
Pinot_Noir,dry,LC/MS,Malvidin_3_O_6_acetylglucoside,NA
Pinot_Noir,well_watered,LC/MS,Malvidin_3_O_6_acetylglucoside,NA
Chardonnay,dry,LC/MS,Malvidin_3_O_6_acetylglucoside,NA
Chardonnay,well_watered,LC/MS,Malvidin_3_O_6_acetylglucoside,NA
Semillon,dry,LC/MS,Malvidin_3_O_6_acetylglucoside,NA
Semillon,well_watered,LC/MS,Malvidin_3_O_6_acetylglucoside,NA
Cabernet_Sauvignon,dry,LC/MS,Malvidin_3_O_6_p_coumaroylglucoside,8.690152622
Cabernet_Sauvignon,well_watered,LC/MS,Malvidin_3_O_6_p_coumaroylglucoside,8.567202844
Merlot,dry,LC/MS,Malvidin_3_O_6_p_coumaroylglucoside,8.504105084
Merlot,well_watered,LC/MS,Malvidin_3_O_6_p_coumaroylglucoside,8.360380941
Pinot_Noir,dry,LC/MS,Malvidin_3_O_6_p_coumaroylglucoside,NA
Pinot_Noir,well_watered,LC/MS,Malvidin_3_O_6_p_coumaroylglucoside,NA
Chardonnay,dry,LC/MS,Malvidin_3_O_6_p_coumaroylglucoside,NA
Chardonnay,well_watered,LC/MS,Malvidin_3_O_6_p_coumaroylglucoside,NA
Semillon,dry,LC/MS,Malvidin_3_O_6_p_coumaroylglucoside,NA
Semillon,well_watered,LC/MS,Malvidin_3_O_6_p_coumaroylglucoside,NA
Cabernet_Sauvignon,dry,LC/MS,Malvidin_3_glucoside,10.45801268
Cabernet_Sauvignon,well_watered,LC/MS,Malvidin_3_glucoside,10.35351831
Merlot,dry,LC/MS,Malvidin_3_glucoside,9.779675091
Merlot,well_watered,LC/MS,Malvidin_3_glucoside,9.570166684
Pinot_Noir,dry,LC/MS,Malvidin_3_glucoside,10.52902296
Pinot_Noir,well_watered,LC/MS,Malvidin_3_glucoside,10.22087868
Chardonnay,dry,LC/MS,Malvidin_3_glucoside,NA
Chardonnay,well_watered,LC/MS,Malvidin_3_glucoside,NA
Semillon,dry,LC/MS,Malvidin_3_glucoside,NA
Semillon,well_watered,LC/MS,Malvidin_3_glucoside,NA
Cabernet_Sauvignon,dry,LC/MS,Myricetin_3_O_glucuronide,3.666038099
Cabernet_Sauvignon,well_watered,LC/MS,Myricetin_3_O_glucuronide,3.561240433
Merlot,dry,LC/MS,Myricetin_3_O_glucuronide,3.375720596
Merlot,well_watered,LC/MS,Myricetin_3_O_glucuronide,3.243973615
Pinot_Noir,dry,LC/MS,Myricetin_3_O_glucuronide,3.431759709
Pinot_Noir,well_watered,LC/MS,Myricetin_3_O_glucuronide,3.152636635
Chardonnay,dry,LC/MS,Myricetin_3_O_glucuronide,0.21487435
Chardonnay,well_watered,LC/MS,Myricetin_3_O_glucuronide,0.563247123
Semillon,dry,LC/MS,Myricetin_3_O_glucuronide,1.127023751
Semillon,well_watered,LC/MS,Myricetin_3_O_glucuronide,0.934438686
Cabernet_Sauvignon,dry,LC/MS,Naringenin_chalcone_hexose,2.154968235
Cabernet_Sauvignon,well_watered,LC/MS,Naringenin_chalcone_hexose,2.027303036
Merlot,dry,LC/MS,Naringenin_chalcone_hexose,3.420041903
Merlot,well_watered,LC/MS,Naringenin_chalcone_hexose,3.571854984
Pinot_Noir,dry,LC/MS,Naringenin_chalcone_hexose,4.946587945
Pinot_Noir,well_watered,LC/MS,Naringenin_chalcone_hexose,4.92711272
Chardonnay,dry,LC/MS,Naringenin_chalcone_hexose,5.252970434
Chardonnay,well_watered,LC/MS,Naringenin_chalcone_hexose,5.429957102
Semillon,dry,LC/MS,Naringenin_chalcone_hexose,6.34569237
Semillon,well_watered,LC/MS,Naringenin_chalcone_hexose,6.233424305
Cabernet_Sauvignon,dry,LC/MS,p_coumaric_acid,6.379373358
Cabernet_Sauvignon,well_watered,LC/MS,p_coumaric_acid,6.278719532
Merlot,dry,LC/MS,p_coumaric_acid,5.88857302
Merlot,well_watered,LC/MS,p_coumaric_acid,5.736495161
Pinot_Noir,dry,LC/MS,p_coumaric_acid,6.72622499
Pinot_Noir,well_watered,LC/MS,p_coumaric_acid,6.868129093
Chardonnay,dry,LC/MS,p_coumaric_acid,6.899618374
Chardonnay,well_watered,LC/MS,p_coumaric_acid,6.918318686
Semillon,dry,LC/MS,p_coumaric_acid,6.446437081
Semillon,well_watered,LC/MS,p_coumaric_acid,6.392469415
Cabernet_Sauvignon,dry,LC/MS,p_Coumaroyl_tartaric_acid,7.022617146
Cabernet_Sauvignon,well_watered,LC/MS,p_Coumaroyl_tartaric_acid,6.827537864
Merlot,dry,LC/MS,p_Coumaroyl_tartaric_acid,6.722451285
Merlot,well_watered,LC/MS,p_Coumaroyl_tartaric_acid,6.40038131
Pinot_Noir,dry,LC/MS,p_Coumaroyl_tartaric_acid,7.526074853
Pinot_Noir,well_watered,LC/MS,p_Coumaroyl_tartaric_acid,7.623006716
Chardonnay,dry,LC/MS,p_Coumaroyl_tartaric_acid,7.583261262
Chardonnay,well_watered,LC/MS,p_Coumaroyl_tartaric_acid,7.669430115
Semillon,dry,LC/MS,p_Coumaroyl_tartaric_acid,6.974672143
Semillon,well_watered,LC/MS,p_Coumaroyl_tartaric_acid,7.17990357
Cabernet_Sauvignon,dry,LC/MS,Peonidin_3_O_6_acetylglucoside,7.558942289
Cabernet_Sauvignon,well_watered,LC/MS,Peonidin_3_O_6_acetylglucoside,7.660108479
Merlot,dry,LC/MS,Peonidin_3_O_6_acetylglucoside,7.885838
Merlot,well_watered,LC/MS,Peonidin_3_O_6_acetylglucoside,7.766316646
Pinot_Noir,dry,LC/MS,Peonidin_3_O_6_acetylglucoside,NA
Pinot_Noir,well_watered,LC/MS,Peonidin_3_O_6_acetylglucoside,NA
Chardonnay,dry,LC/MS,Peonidin_3_O_6_acetylglucoside,NA
Chardonnay,well_watered,LC/MS,Peonidin_3_O_6_acetylglucoside,NA
Semillon,dry,LC/MS,Peonidin_3_O_6_acetylglucoside,NA
Semillon,well_watered,LC/MS,Peonidin_3_O_6_acetylglucoside,NA
Cabernet_Sauvignon,dry,LC/MS,Peonidin_3_O_6_p_coumaroylglucoside,6.941150777
Cabernet_Sauvignon,well_watered,LC/MS,Peonidin_3_O_6_p_coumaroylglucoside,6.929790823
Merlot,dry,LC/MS,Peonidin_3_O_6_p_coumaroylglucoside,7.704636234
Merlot,well_watered,LC/MS,Peonidin_3_O_6_p_coumaroylglucoside,7.62828706
Pinot_Noir,dry,LC/MS,Peonidin_3_O_6_p_coumaroylglucoside,NA
Pinot_Noir,well_watered,LC/MS,Peonidin_3_O_6_p_coumaroylglucoside,NA
Chardonnay,dry,LC/MS,Peonidin_3_O_6_p_coumaroylglucoside,NA
Chardonnay,well_watered,LC/MS,Peonidin_3_O_6_p_coumaroylglucoside,NA
Semillon,dry,LC/MS,Peonidin_3_O_6_p_coumaroylglucoside,NA
Semillon,well_watered,LC/MS,Peonidin_3_O_6_p_coumaroylglucoside,NA
Cabernet_Sauvignon,dry,LC/MS,Peonidin_3_glucoside,8.067144398
Cabernet_Sauvignon,well_watered,LC/MS,Peonidin_3_glucoside,8.238766465
Merlot,dry,LC/MS,Peonidin_3_glucoside,9.016057735
Merlot,well_watered,LC/MS,Peonidin_3_glucoside,8.904909092
Pinot_Noir,dry,LC/MS,Peonidin_3_glucoside,9.578478816
Pinot_Noir,well_watered,LC/MS,Peonidin_3_glucoside,9.462216036
Chardonnay,dry,LC/MS,Peonidin_3_glucoside,NA
Chardonnay,well_watered,LC/MS,Peonidin_3_glucoside,NA
Semillon,dry,LC/MS,Peonidin_3_glucoside,NA
Semillon,well_watered,LC/MS,Peonidin_3_glucoside,NA
Cabernet_Sauvignon,dry,LC/MS,Petunidin_3_O_6_acetylglucoside,7.35839458
Cabernet_Sauvignon,well_watered,LC/MS,Petunidin_3_O_6_acetylglucoside,7.282595943
Merlot,dry,LC/MS,Petunidin_3_O_6_acetylglucoside,7.238135946
Merlot,well_watered,LC/MS,Petunidin_3_O_6_acetylglucoside,7.102927962
Pinot_Noir,dry,LC/MS,Petunidin_3_O_6_acetylglucoside,NA
Pinot_Noir,well_watered,LC/MS,Petunidin_3_O_6_acetylglucoside,NA
Chardonnay,dry,LC/MS,Petunidin_3_O_6_acetylglucoside,NA
Chardonnay,well_watered,LC/MS,Petunidin_3_O_6_acetylglucoside,NA
Semillon,dry,LC/MS,Petunidin_3_O_6_acetylglucoside,NA
Semillon,well_watered,LC/MS,Petunidin_3_O_6_acetylglucoside,NA
Cabernet_Sauvignon,dry,LC/MS,Petunidin_3_O_6_p_coumaroylglucoside,5.347902538
Cabernet_Sauvignon,well_watered,LC/MS,Petunidin_3_O_6_p_coumaroylglucoside,5.156481574
Merlot,dry,LC/MS,Petunidin_3_O_6_p_coumaroylglucoside,6.080536897
Merlot,well_watered,LC/MS,Petunidin_3_O_6_p_coumaroylglucoside,5.899862922
Pinot_Noir,dry,LC/MS,Petunidin_3_O_6_p_coumaroylglucoside,NA
Pinot_Noir,well_watered,LC/MS,Petunidin_3_O_6_p_coumaroylglucoside,NA
Chardonnay,dry,LC/MS,Petunidin_3_O_6_p_coumaroylglucoside,NA
Chardonnay,well_watered,LC/MS,Petunidin_3_O_6_p_coumaroylglucoside,NA
Semillon,dry,LC/MS,Petunidin_3_O_6_p_coumaroylglucoside,NA
Semillon,well_watered,LC/MS,Petunidin_3_O_6_p_coumaroylglucoside,NA
Cabernet_Sauvignon,dry,LC/MS,Petunidin_3_glucoside,8.3055788
Cabernet_Sauvignon,well_watered,LC/MS,Petunidin_3_glucoside,8.238453916
Merlot,dry,LC/MS,Petunidin_3_glucoside,8.076020039
Merlot,well_watered,LC/MS,Petunidin_3_glucoside,7.843408526
Pinot_Noir,dry,LC/MS,Petunidin_3_glucoside,7.595395001
Pinot_Noir,well_watered,LC/MS,Petunidin_3_glucoside,7.368897745
Chardonnay,dry,LC/MS,Petunidin_3_glucoside,NA
Chardonnay,well_watered,LC/MS,Petunidin_3_glucoside,NA
Semillon,dry,LC/MS,Petunidin_3_glucoside,NA
Semillon,well_watered,LC/MS,Petunidin_3_glucoside,NA
Cabernet_Sauvignon,dry,LC/MS,Phenylalanine,4.335271797
Cabernet_Sauvignon,well_watered,LC/MS,Phenylalanine,4.333158045
Merlot,dry,LC/MS,Phenylalanine,3.137135324
Merlot,well_watered,LC/MS,Phenylalanine,3.554774695
Pinot_Noir,dry,LC/MS,Phenylalanine,3.435654489
Pinot_Noir,well_watered,LC/MS,Phenylalanine,3.720236149
Chardonnay,dry,LC/MS,Phenylalanine,5.827971962
Chardonnay,well_watered,LC/MS,Phenylalanine,5.737917682
Semillon,dry,LC/MS,Phenylalanine,3.624551246
Semillon,well_watered,LC/MS,Phenylalanine,4.006535975
Cabernet_Sauvignon,dry,LC/MS,Procyanidin_3_O_gallate,-0.293044339
Cabernet_Sauvignon,well_watered,LC/MS,Procyanidin_3_O_gallate,0.465679123
Merlot,dry,LC/MS,Procyanidin_3_O_gallate,1.87609572
Merlot,well_watered,LC/MS,Procyanidin_3_O_gallate,1.190739337
Pinot_Noir,dry,LC/MS,Procyanidin_3_O_gallate,0.453714712
Pinot_Noir,well_watered,LC/MS,Procyanidin_3_O_gallate,0.396062327
Chardonnay,dry,LC/MS,Procyanidin_3_O_gallate,0.761961847
Chardonnay,well_watered,LC/MS,Procyanidin_3_O_gallate,0.471130117
Semillon,dry,LC/MS,Procyanidin_3_O_gallate,1.132654545
Semillon,well_watered,LC/MS,Procyanidin_3_O_gallate,2.042944107
Cabernet_Sauvignon,dry,LC/MS,Procyanidin_dimer_B2,2.905649746
Cabernet_Sauvignon,well_watered,LC/MS,Procyanidin_dimer_B2,2.978696852
Merlot,dry,LC/MS,Procyanidin_dimer_B2,3.843852999
Merlot,well_watered,LC/MS,Procyanidin_dimer_B2,3.304417924
Pinot_Noir,dry,LC/MS,Procyanidin_dimer_B2,3.858369787
Pinot_Noir,well_watered,LC/MS,Procyanidin_dimer_B2,3.946330827
Chardonnay,dry,LC/MS,Procyanidin_dimer_B2,4.185283157
Chardonnay,well_watered,LC/MS,Procyanidin_dimer_B2,3.743769866
Semillon,dry,LC/MS,Procyanidin_dimer_B2,4.526254245
Semillon,well_watered,LC/MS,Procyanidin_dimer_B2,4.702538962
Cabernet_Sauvignon,dry,LC/MS,Procyanidin_dimer_B3,4.809388547
Cabernet_Sauvignon,well_watered,LC/MS,Procyanidin_dimer_B3,4.78377659
Merlot,dry,LC/MS,Procyanidin_dimer_B3,6.033033216
Merlot,well_watered,LC/MS,Procyanidin_dimer_B3,5.530829192
Pinot_Noir,dry,LC/MS,Procyanidin_dimer_B3,5.662447293
Pinot_Noir,well_watered,LC/MS,Procyanidin_dimer_B3,5.786865985
Chardonnay,dry,LC/MS,Procyanidin_dimer_B3,6.223992387
Chardonnay,well_watered,LC/MS,Procyanidin_dimer_B3,5.834473047
Semillon,dry,LC/MS,Procyanidin_dimer_B3,6.579446812
Semillon,well_watered,LC/MS,Procyanidin_dimer_B3,6.756410632
Cabernet_Sauvignon,dry,LC/MS,Quercetin,0.738709819
Cabernet_Sauvignon,well_watered,LC/MS,Quercetin,0.488183766
Merlot,dry,LC/MS,Quercetin,1.577394801
Merlot,well_watered,LC/MS,Quercetin,1.184847174
Pinot_Noir,dry,LC/MS,Quercetin,-0.302591504
Pinot_Noir,well_watered,LC/MS,Quercetin,-0.251522534
Chardonnay,dry,LC/MS,Quercetin,0.474222908
Chardonnay,well_watered,LC/MS,Quercetin,0.452032388
Semillon,dry,LC/MS,Quercetin,1.238988083
Semillon,well_watered,LC/MS,Quercetin,0.865076422
Cabernet_Sauvignon,dry,LC/MS,Quercetin_3_O_galactoside,7.361960869
Cabernet_Sauvignon,well_watered,LC/MS,Quercetin_3_O_galactoside,7.245879632
Merlot,dry,LC/MS,Quercetin_3_O_galactoside,7.798780569
Merlot,well_watered,LC/MS,Quercetin_3_O_galactoside,7.821988525
Pinot_Noir,dry,LC/MS,Quercetin_3_O_galactoside,7.337903347
Pinot_Noir,well_watered,LC/MS,Quercetin_3_O_galactoside,7.33855723
Chardonnay,dry,LC/MS,Quercetin_3_O_galactoside,8.055593024
Chardonnay,well_watered,LC/MS,Quercetin_3_O_galactoside,8.030490527
Semillon,dry,LC/MS,Quercetin_3_O_galactoside,8.293926641
Semillon,well_watered,LC/MS,Quercetin_3_O_galactoside,8.114987568
Cabernet_Sauvignon,dry,LC/MS,Quercetin_3_O_glucuronide,7.193154282
Cabernet_Sauvignon,well_watered,LC/MS,Quercetin_3_O_glucuronide,6.977970822
Merlot,dry,LC/MS,Quercetin_3_O_glucuronide,7.353356723
Merlot,well_watered,LC/MS,Quercetin_3_O_glucuronide,7.317520029
Pinot_Noir,dry,LC/MS,Quercetin_3_O_glucuronide,7.343880453
Pinot_Noir,well_watered,LC/MS,Quercetin_3_O_glucuronide,7.539478656
Chardonnay,dry,LC/MS,Quercetin_3_O_glucuronide,6.804176794
Chardonnay,well_watered,LC/MS,Quercetin_3_O_glucuronide,6.831121304
Semillon,dry,LC/MS,Quercetin_3_O_glucuronide,7.515731363
Semillon,well_watered,LC/MS,Quercetin_3_O_glucuronide,7.133031699
Cabernet_Sauvignon,dry,LC/MS,Sucrose,7.266963591
Cabernet_Sauvignon,well_watered,LC/MS,Sucrose,7.285816454
Merlot,dry,LC/MS,Sucrose,7.79321481
Merlot,well_watered,LC/MS,Sucrose,7.674569952
Pinot_Noir,dry,LC/MS,Sucrose,7.055144952
Pinot_Noir,well_watered,LC/MS,Sucrose,6.858586469
Chardonnay,dry,LC/MS,Sucrose,6.577050466
Chardonnay,well_watered,LC/MS,Sucrose,6.574356844
Semillon,dry,LC/MS,Sucrose,7.801701671
Semillon,well_watered,LC/MS,Sucrose,7.558698373
Cabernet_Sauvignon,dry,LC/MS,Tartaric_acid,8.395097818
Cabernet_Sauvignon,well_watered,LC/MS,Tartaric_acid,8.298440316
Merlot,dry,LC/MS,Tartaric_acid,8.43373478
Merlot,well_watered,LC/MS,Tartaric_acid,8.83793803
Pinot_Noir,dry,LC/MS,Tartaric_acid,8.702533511
Pinot_Noir,well_watered,LC/MS,Tartaric_acid,8.583351071
Chardonnay,dry,LC/MS,Tartaric_acid,8.130372941
Chardonnay,well_watered,LC/MS,Tartaric_acid,7.832297003
Semillon,dry,LC/MS,Tartaric_acid,8.472429065
Semillon,well_watered,LC/MS,Tartaric_acid,8.473605109
Cabernet_Sauvignon,dry,LC/MS,trans_Resveratrol,5.971886502
Cabernet_Sauvignon,well_watered,LC/MS,trans_Resveratrol,6.086236025
Merlot,dry,LC/MS,trans_Resveratrol,7.09614579
Merlot,well_watered,LC/MS,trans_Resveratrol,7.247646621
Pinot_Noir,dry,LC/MS,trans_Resveratrol,7.299965934
Pinot_Noir,well_watered,LC/MS,trans_Resveratrol,7.179950786
Chardonnay,dry,LC/MS,trans_Resveratrol,5.98940605
Chardonnay,well_watered,LC/MS,trans_Resveratrol,6.011822743
Semillon,dry,LC/MS,trans_Resveratrol,5.42026036
Semillon,well_watered,LC/MS,trans_Resveratrol,5.336978982
Cabernet_Sauvignon,dry,LC/MS,trans_Piceid,5.161569211
Cabernet_Sauvignon,well_watered,LC/MS,trans_Piceid,5.635994441
Merlot,dry,LC/MS,trans_Piceid,5.480110642
Merlot,well_watered,LC/MS,trans_Piceid,4.659859374
Pinot_Noir,dry,LC/MS,trans_Piceid,6.200872054
Pinot_Noir,well_watered,LC/MS,trans_Piceid,6.595973218
Chardonnay,dry,LC/MS,trans_Piceid,3.789089419
Chardonnay,well_watered,LC/MS,trans_Piceid,3.953197392
Semillon,dry,LC/MS,trans_Piceid,4.978919358
Semillon,well_watered,LC/MS,trans_Piceid,5.051972475
Cabernet_Sauvignon,dry,LC/MS,Tryptophan,4.023283745
Cabernet_Sauvignon,well_watered,LC/MS,Tryptophan,3.598209272
Merlot,dry,LC/MS,Tryptophan,3.696572233
Merlot,well_watered,LC/MS,Tryptophan,4.294084165
Pinot_Noir,dry,LC/MS,Tryptophan,5.196667092
Pinot_Noir,well_watered,LC/MS,Tryptophan,5.083960523
Chardonnay,dry,LC/MS,Tryptophan,6.630266146
Chardonnay,well_watered,LC/MS,Tryptophan,6.520510106
Semillon,dry,LC/MS,Tryptophan,4.948344804
Semillon,well_watered,LC/MS,Tryptophan,5.101013111
Cabernet_Sauvignon,dry,LC/MS,Viniferin1,2.473778734
Cabernet_Sauvignon,well_watered,LC/MS,Viniferin1,2.712229415
Merlot,dry,LC/MS,Viniferin1,2.995434748
Merlot,well_watered,LC/MS,Viniferin1,2.451499024
Pinot_Noir,dry,LC/MS,Viniferin1,3.963605399
Pinot_Noir,well_watered,LC/MS,Viniferin1,4.044183899
Chardonnay,dry,LC/MS,Viniferin1,2.077319807
Chardonnay,well_watered,LC/MS,Viniferin1,1.955479051
Semillon,dry,LC/MS,Viniferin1,1.604093318
Semillon,well_watered,LC/MS,Viniferin1,2.037286354
Cabernet_Sauvignon,dry,LC/MS,Viniferin2,1.268680036
Cabernet_Sauvignon,well_watered,LC/MS,Viniferin2,2.465137984
Merlot,dry,LC/MS,Viniferin2,3.200236517
Merlot,well_watered,LC/MS,Viniferin2,3.342633994
Pinot_Noir,dry,LC/MS,Viniferin2,3.594023569
Pinot_Noir,well_watered,LC/MS,Viniferin2,3.802454288
Chardonnay,dry,LC/MS,Viniferin2,0.88775782
Chardonnay,well_watered,LC/MS,Viniferin2,0.925265555
Semillon,dry,LC/MS,Viniferin2,1.216966108
Semillon,well_watered,LC/MS,Viniferin2,2.146081105