wood_type,species,abundance,compound_class,compound_mg_g
hardwood,red_maple,0,n_alkanes,n_heptadecane
hardwood,northern_red_oak,0,n_alkanes,n_heptadecane
hardwood,paper_birch,0.052,n_alkanes,n_heptadecane
softwood,eastern_white_pine,0.005,n_alkanes,n_heptadecane
softwood,eastern_hemlock,0,n_alkanes,n_heptadecane
softwood,balsam_fir,0,n_alkanes,n_heptadecane
hardwood,red_maple,0,n_alkanes,n_octadecane
hardwood,northern_red_oak,0,n_alkanes,n_octadecane
hardwood,paper_birch,0.084,n_alkanes,n_octadecane
softwood,eastern_white_pine,0.006,n_alkanes,n_octadecane
softwood,eastern_hemlock,0,n_alkanes,n_octadecane
softwood,balsam_fir,0,n_alkanes,n_octadecane
hardwood,red_maple,0,n_alkanes,n_nonadecane
hardwood,northern_red_oak,0.024,n_alkanes,n_nonadecane
hardwood,paper_birch,0.103,n_alkanes,n_nonadecane
softwood,eastern_white_pine,0.021,n_alkanes,n_nonadecane
softwood,eastern_hemlock,0.036,n_alkanes,n_nonadecane
softwood,balsam_fir,0.016,n_alkanes,n_nonadecane
hardwood,red_maple,0.084,n_alkanes,n_eicosane
hardwood,northern_red_oak,0.083,n_alkanes,n_eicosane
hardwood,paper_birch,0.104,n_alkanes,n_eicosane
softwood,eastern_white_pine,0.026,n_alkanes,n_eicosane
softwood,eastern_hemlock,0.076,n_alkanes,n_eicosane
softwood,balsam_fir,0.059,n_alkanes,n_eicosane
hardwood,red_maple,0.134,n_alkanes,n_heneicosane
hardwood,northern_red_oak,0.139,n_alkanes,n_heneicosane
hardwood,paper_birch,0.103,n_alkanes,n_heneicosane
softwood,eastern_white_pine,0.027,n_alkanes,n_heneicosane
softwood,eastern_hemlock,0.085,n_alkanes,n_heneicosane
softwood,balsam_fir,0.11,n_alkanes,n_heneicosane
hardwood,red_maple,0,n_alkanes,n_docosane
hardwood,northern_red_oak,0.108,n_alkanes,n_docosane
hardwood,paper_birch,0,n_alkanes,n_docosane
softwood,eastern_white_pine,0.033,n_alkanes,n_docosane
softwood,eastern_hemlock,0.065,n_alkanes,n_docosane
softwood,balsam_fir,0.141,n_alkanes,n_docosane
hardwood,red_maple,0,n_alkanes,n_tricosane
hardwood,northern_red_oak,0.118,n_alkanes,n_tricosane
hardwood,paper_birch,0,n_alkanes,n_tricosane
softwood,eastern_white_pine,0.047,n_alkanes,n_tricosane
softwood,eastern_hemlock,0.087,n_alkanes,n_tricosane
softwood,balsam_fir,0.082,n_alkanes,n_tricosane
hardwood,red_maple,0,n_alkanes,n_tetracosane
hardwood,northern_red_oak,0.041,n_alkanes,n_tetracosane
hardwood,paper_birch,0.018,n_alkanes,n_tetracosane
softwood,eastern_white_pine,0.011,n_alkanes,n_tetracosane
softwood,eastern_hemlock,0.043,n_alkanes,n_tetracosane
softwood,balsam_fir,0.035,n_alkanes,n_tetracosane
hardwood,red_maple,0,n_alkanes,n_pentacosane
hardwood,northern_red_oak,0.038,n_alkanes,n_pentacosane
hardwood,paper_birch,0,n_alkanes,n_pentacosane
softwood,eastern_white_pine,0,n_alkanes,n_pentacosane
softwood,eastern_hemlock,0.037,n_alkanes,n_pentacosane
softwood,balsam_fir,0.018,n_alkanes,n_pentacosane
hardwood,red_maple,0,n_alkanes,n_hexacosane
hardwood,northern_red_oak,0.009,n_alkanes,n_hexacosane
hardwood,paper_birch,0,n_alkanes,n_hexacosane
softwood,eastern_white_pine,0,n_alkanes,n_hexacosane
softwood,eastern_hemlock,0.012,n_alkanes,n_hexacosane
softwood,balsam_fir,0,n_alkanes,n_hexacosane
hardwood,red_maple,0,n_alkanes,n_heptacosane
hardwood,northern_red_oak,0,n_alkanes,n_heptacosane
hardwood,paper_birch,0,n_alkanes,n_heptacosane
softwood,eastern_white_pine,0,n_alkanes,n_heptacosane
softwood,eastern_hemlock,0.061,n_alkanes,n_heptacosane
softwood,balsam_fir,0,n_alkanes,n_heptacosane
hardwood,red_maple,0,n_alkenes,1_nonadecene
hardwood,northern_red_oak,0,n_alkenes,1_nonadecene
hardwood,paper_birch,0.084,n_alkenes,1_nonadecene
softwood,eastern_white_pine,0.042,n_alkenes,1_nonadecene
softwood,eastern_hemlock,0.024,n_alkenes,1_nonadecene
softwood,balsam_fir,0,n_alkenes,1_nonadecene
hardwood,red_maple,0.229,n_alkenes,1_eicosene
hardwood,northern_red_oak,0.259,n_alkenes,1_eicosene
hardwood,paper_birch,0.275,n_alkenes,1_eicosene
softwood,eastern_white_pine,0.087,n_alkenes,1_eicosene
softwood,eastern_hemlock,0.12,n_alkenes,1_eicosene
softwood,balsam_fir,0.124,n_alkenes,1_eicosene
hardwood,red_maple,0.123,n_alkenes,1_heneicosene
hardwood,northern_red_oak,0.174,n_alkenes,1_heneicosene
hardwood,paper_birch,0.185,n_alkenes,1_heneicosene
softwood,eastern_white_pine,0.021,n_alkenes,1_heneicosene
softwood,eastern_hemlock,0.116,n_alkenes,1_heneicosene
softwood,balsam_fir,0.359,n_alkenes,1_heneicosene
hardwood,red_maple,0,n_alkenes,1_docosene
hardwood,northern_red_oak,0.225,n_alkenes,1_docosene
hardwood,paper_birch,0,n_alkenes,1_docosene
softwood,eastern_white_pine,0.073,n_alkenes,1_docosene
softwood,eastern_hemlock,0.124,n_alkenes,1_docosene
softwood,balsam_fir,0.364,n_alkenes,1_docosene
hardwood,red_maple,0.016,n_alkenes,1_tricosene
hardwood,northern_red_oak,0.149,n_alkenes,1_tricosene
hardwood,paper_birch,0.057,n_alkenes,1_tricosene
softwood,eastern_white_pine,0,n_alkenes,1_tricosene
softwood,eastern_hemlock,0.045,n_alkenes,1_tricosene
softwood,balsam_fir,0.115,n_alkenes,1_tricosene
hardwood,red_maple,0,n_alkenes,1_tetracosene
hardwood,northern_red_oak,0.122,n_alkenes,1_tetracosene
hardwood,paper_birch,0.017,n_alkenes,1_tetracosene
softwood,eastern_white_pine,0.077,n_alkenes,1_tetracosene
softwood,eastern_hemlock,0.164,n_alkenes,1_tetracosene
softwood,balsam_fir,0.174,n_alkenes,1_tetracosene
hardwood,red_maple,0,n_alkenes,1_pentacosene
hardwood,northern_red_oak,0.229,n_alkenes,1_pentacosene
hardwood,paper_birch,0,n_alkenes,1_pentacosene
softwood,eastern_white_pine,0.023,n_alkenes,1_pentacosene
softwood,eastern_hemlock,0.047,n_alkenes,1_pentacosene
softwood,balsam_fir,0.267,n_alkenes,1_pentacosene
hardwood,red_maple,0,n_alkenes,1_hexacosene
hardwood,northern_red_oak,0.035,n_alkenes,1_hexacosene
hardwood,paper_birch,0,n_alkenes,1_hexacosene
softwood,eastern_white_pine,0.035,n_alkenes,1_hexacosene
softwood,eastern_hemlock,0.063,n_alkenes,1_hexacosene
softwood,balsam_fir,0,n_alkenes,1_hexacosene
hardwood,red_maple,0,n_alkenes,1_heptacosene
hardwood,northern_red_oak,0.162,n_alkenes,1_heptacosene
hardwood,paper_birch,0,n_alkenes,1_heptacosene
softwood,eastern_white_pine,0.023,n_alkenes,1_heptacosene
softwood,eastern_hemlock,0.222,n_alkenes,1_heptacosene
softwood,balsam_fir,0.331,n_alkenes,1_heptacosene
hardwood,red_maple,0,n_alkenes,1_octacosene
hardwood,northern_red_oak,0,n_alkenes,1_octacosene
hardwood,paper_birch,0,n_alkenes,1_octacosene
softwood,eastern_white_pine,0,n_alkenes,1_octacosene
softwood,eastern_hemlock,0,n_alkenes,1_octacosene
softwood,balsam_fir,0,n_alkenes,1_octacosene
hardwood,red_maple,0,n_alkenes,1_triacontene
hardwood,northern_red_oak,0,n_alkenes,1_triacontene
hardwood,paper_birch,0,n_alkenes,1_triacontene
softwood,eastern_white_pine,0,n_alkenes,1_triacontene
softwood,eastern_hemlock,0.048,n_alkenes,1_triacontene
softwood,balsam_fir,0,n_alkenes,1_triacontene
hardwood,red_maple,0,n_alkanols,n_octadecanol
hardwood,northern_red_oak,0.059,n_alkanols,n_octadecanol
hardwood,paper_birch,0,n_alkanols,n_octadecanol
softwood,eastern_white_pine,0,n_alkanols,n_octadecanol
softwood,eastern_hemlock,0,n_alkanols,n_octadecanol
softwood,balsam_fir,0,n_alkanols,n_octadecanol
hardwood,red_maple,0,n_alkanols,n_nonadecanol
hardwood,northern_red_oak,0.093,n_alkanols,n_nonadecanol
hardwood,paper_birch,0.034,n_alkanols,n_nonadecanol
softwood,eastern_white_pine,0,n_alkanols,n_nonadecanol
softwood,eastern_hemlock,0,n_alkanols,n_nonadecanol
softwood,balsam_fir,0.034,n_alkanols,n_nonadecanol
hardwood,red_maple,0,n_alkanals,n_heneicosanal
hardwood,northern_red_oak,0.071,n_alkanals,n_heneicosanal
hardwood,paper_birch,0.026,n_alkanals,n_heneicosanal
softwood,eastern_white_pine,0,n_alkanals,n_heneicosanal
softwood,eastern_hemlock,0,n_alkanals,n_heneicosanal
softwood,balsam_fir,0.032,n_alkanals,n_heneicosanal
hardwood,red_maple,0,n_alkanals,n_docosanal
hardwood,northern_red_oak,0.121,n_alkanals,n_docosanal
hardwood,paper_birch,0.032,n_alkanals,n_docosanal
softwood,eastern_white_pine,0,n_alkanals,n_docosanal
softwood,eastern_hemlock,0,n_alkanals,n_docosanal
softwood,balsam_fir,0.076,n_alkanals,n_docosanal
hardwood,red_maple,0,n_alkanals,n_tricosanal
hardwood,northern_red_oak,0.154,n_alkanals,n_tricosanal
hardwood,paper_birch,0.037,n_alkanals,n_tricosanal
softwood,eastern_white_pine,0,n_alkanals,n_tricosanal
softwood,eastern_hemlock,0,n_alkanals,n_tricosanal
softwood,balsam_fir,0.019,n_alkanals,n_tricosanal
hardwood,red_maple,0,alkanoic_acids,n_decanoic
hardwood,northern_red_oak,0,alkanoic_acids,n_decanoic
hardwood,paper_birch,0.245,alkanoic_acids,n_decanoic
softwood,eastern_white_pine,0.055,alkanoic_acids,n_decanoic
softwood,eastern_hemlock,0,alkanoic_acids,n_decanoic
softwood,balsam_fir,0,alkanoic_acids,n_decanoic
hardwood,red_maple,0.036,alkanoic_acids,n_undecanoic
hardwood,northern_red_oak,0.018,alkanoic_acids,n_undecanoic
hardwood,paper_birch,0.082,alkanoic_acids,n_undecanoic
softwood,eastern_white_pine,0.015,alkanoic_acids,n_undecanoic
softwood,eastern_hemlock,0,alkanoic_acids,n_undecanoic
softwood,balsam_fir,0,alkanoic_acids,n_undecanoic
hardwood,red_maple,0,alkanoic_acids,n_dodecanoic
hardwood,northern_red_oak,0.17,alkanoic_acids,n_dodecanoic
hardwood,paper_birch,0.359,alkanoic_acids,n_dodecanoic
softwood,eastern_white_pine,0.074,alkanoic_acids,n_dodecanoic
softwood,eastern_hemlock,0,alkanoic_acids,n_dodecanoic
softwood,balsam_fir,0,alkanoic_acids,n_dodecanoic
hardwood,red_maple,0.057,alkanoic_acids,n_tridecanoic
hardwood,northern_red_oak,0.042,alkanoic_acids,n_tridecanoic
hardwood,paper_birch,0,alkanoic_acids,n_tridecanoic
softwood,eastern_white_pine,0.022,alkanoic_acids,n_tridecanoic
softwood,eastern_hemlock,0.042,alkanoic_acids,n_tridecanoic
softwood,balsam_fir,0.04,alkanoic_acids,n_tridecanoic
hardwood,red_maple,0,alkanoic_acids,n_tetradecanoic
hardwood,northern_red_oak,0.243,alkanoic_acids,n_tetradecanoic
hardwood,paper_birch,0.498,alkanoic_acids,n_tetradecanoic
softwood,eastern_white_pine,0.171,alkanoic_acids,n_tetradecanoic
softwood,eastern_hemlock,0,alkanoic_acids,n_tetradecanoic
softwood,balsam_fir,0.202,alkanoic_acids,n_tetradecanoic
hardwood,red_maple,0,alkanoic_acids,n_pentadecanoic
hardwood,northern_red_oak,0.163,alkanoic_acids,n_pentadecanoic
hardwood,paper_birch,0.286,alkanoic_acids,n_pentadecanoic
softwood,eastern_white_pine,0.136,alkanoic_acids,n_pentadecanoic
softwood,eastern_hemlock,0.24,alkanoic_acids,n_pentadecanoic
softwood,balsam_fir,0.217,alkanoic_acids,n_pentadecanoic
hardwood,red_maple,1.83,alkanoic_acids,n_hexadecanoic
hardwood,northern_red_oak,1.947,alkanoic_acids,n_hexadecanoic
hardwood,paper_birch,2.802,alkanoic_acids,n_hexadecanoic
softwood,eastern_white_pine,1.636,alkanoic_acids,n_hexadecanoic
softwood,eastern_hemlock,1.753,alkanoic_acids,n_hexadecanoic
softwood,balsam_fir,1.389,alkanoic_acids,n_hexadecanoic
hardwood,red_maple,0,alkanoic_acids,14_methyl_hexadecanoic
hardwood,northern_red_oak,0,alkanoic_acids,14_methyl_hexadecanoic
hardwood,paper_birch,0,alkanoic_acids,14_methyl_hexadecanoic
softwood,eastern_white_pine,0.182,alkanoic_acids,14_methyl_hexadecanoic
softwood,eastern_hemlock,0.385,alkanoic_acids,14_methyl_hexadecanoic
softwood,balsam_fir,0.405,alkanoic_acids,14_methyl_hexadecanoic
hardwood,red_maple,0.072,alkanoic_acids,n_heptadecanoic
hardwood,northern_red_oak,0.082,alkanoic_acids,n_heptadecanoic
hardwood,paper_birch,0.151,alkanoic_acids,n_heptadecanoic
softwood,eastern_white_pine,0.072,alkanoic_acids,n_heptadecanoic
softwood,eastern_hemlock,0.142,alkanoic_acids,n_heptadecanoic
softwood,balsam_fir,0.121,alkanoic_acids,n_heptadecanoic
hardwood,red_maple,0.378,alkanoic_acids,n_octadecanoic
hardwood,northern_red_oak,0.397,alkanoic_acids,n_octadecanoic
hardwood,paper_birch,1.434,alkanoic_acids,n_octadecanoic
softwood,eastern_white_pine,0.507,alkanoic_acids,n_octadecanoic
softwood,eastern_hemlock,0.511,alkanoic_acids,n_octadecanoic
softwood,balsam_fir,0.402,alkanoic_acids,n_octadecanoic
hardwood,red_maple,0,alkanoic_acids,16_methyloctadecanoic
hardwood,northern_red_oak,0,alkanoic_acids,16_methyloctadecanoic
hardwood,paper_birch,0,alkanoic_acids,16_methyloctadecanoic
softwood,eastern_white_pine,0.023,alkanoic_acids,16_methyloctadecanoic
softwood,eastern_hemlock,0.088,alkanoic_acids,16_methyloctadecanoic
softwood,balsam_fir,0.06,alkanoic_acids,16_methyloctadecanoic
hardwood,red_maple,0,alkenoic_acids,hexadecenoic
hardwood,northern_red_oak,0.074,alkenoic_acids,hexadecenoic
hardwood,paper_birch,0,alkenoic_acids,hexadecenoic
softwood,eastern_white_pine,0.051,alkenoic_acids,hexadecenoic
softwood,eastern_hemlock,0.129,alkenoic_acids,hexadecenoic
softwood,balsam_fir,0.162,alkenoic_acids,hexadecenoic
hardwood,red_maple,1.108,alkenoic_acids,cis_9_octadecenoic
hardwood,northern_red_oak,1.675,alkenoic_acids,cis_9_octadecenoic
hardwood,paper_birch,0,alkenoic_acids,cis_9_octadecenoic
softwood,eastern_white_pine,4.097,alkenoic_acids,cis_9_octadecenoic
softwood,eastern_hemlock,1.068,alkenoic_acids,cis_9_octadecenoic
softwood,balsam_fir,1.298,alkenoic_acids,cis_9_octadecenoic
hardwood,red_maple,0.159,alkenoic_acids,trans_9_octadecenoic
hardwood,northern_red_oak,0.378,alkenoic_acids,trans_9_octadecenoic
hardwood,paper_birch,0.164,alkenoic_acids,trans_9_octadecenoic
softwood,eastern_white_pine,0.474,alkenoic_acids,trans_9_octadecenoic
softwood,eastern_hemlock,0.161,alkenoic_acids,trans_9_octadecenoic
softwood,balsam_fir,0.257,alkenoic_acids,trans_9_octadecenoic
hardwood,red_maple,0,alkenoic_acids,2_octadecenoic
hardwood,northern_red_oak,0.055,alkenoic_acids,2_octadecenoic
hardwood,paper_birch,0.052,alkenoic_acids,2_octadecenoic
softwood,eastern_white_pine,0,alkenoic_acids,2_octadecenoic
softwood,eastern_hemlock,0.047,alkenoic_acids,2_octadecenoic
softwood,balsam_fir,0.024,alkenoic_acids,2_octadecenoic
hardwood,red_maple,1.217,alkenoic_acids,9_12_octadecadienoic
hardwood,northern_red_oak,3.893,alkenoic_acids,9_12_octadecadienoic
hardwood,paper_birch,1.275,alkenoic_acids,9_12_octadecadienoic
softwood,eastern_white_pine,3.84,alkenoic_acids,9_12_octadecadienoic
softwood,eastern_hemlock,1.564,alkenoic_acids,9_12_octadecadienoic
softwood,balsam_fir,1.159,alkenoic_acids,9_12_octadecadienoic
hardwood,red_maple,0,alkenoic_acids,nonadecenoic
hardwood,northern_red_oak,0.041,alkenoic_acids,nonadecenoic
hardwood,paper_birch,0,alkenoic_acids,nonadecenoic
softwood,eastern_white_pine,0,alkenoic_acids,nonadecenoic
softwood,eastern_hemlock,0,alkenoic_acids,nonadecenoic
softwood,balsam_fir,0,alkenoic_acids,nonadecenoic
hardwood,red_maple,0.153,alkenoic_acids,eicosenoic
hardwood,northern_red_oak,0.249,alkenoic_acids,eicosenoic
hardwood,paper_birch,0.086,alkenoic_acids,eicosenoic
softwood,eastern_white_pine,0.137,alkenoic_acids,eicosenoic
softwood,eastern_hemlock,0.096,alkenoic_acids,eicosenoic
softwood,balsam_fir,0.099,alkenoic_acids,eicosenoic
hardwood,red_maple,0.265,alkanedioic_acids,hexanedioic
hardwood,northern_red_oak,0.132,alkanedioic_acids,hexanedioic
hardwood,paper_birch,0.258,alkanedioic_acids,hexanedioic
softwood,eastern_white_pine,0.095,alkanedioic_acids,hexanedioic
softwood,eastern_hemlock,0.132,alkanedioic_acids,hexanedioic
softwood,balsam_fir,0.118,alkanedioic_acids,hexanedioic
hardwood,red_maple,0.084,alkanedioic_acids,heptanedioic
hardwood,northern_red_oak,0.076,alkanedioic_acids,heptanedioic
hardwood,paper_birch,0,alkanedioic_acids,heptanedioic
softwood,eastern_white_pine,0.042,alkanedioic_acids,heptanedioic
softwood,eastern_hemlock,0.058,alkanedioic_acids,heptanedioic
softwood,balsam_fir,0.042,alkanedioic_acids,heptanedioic
hardwood,red_maple,0.116,alkanedioic_acids,octanedioic
hardwood,northern_red_oak,0.122,alkanedioic_acids,octanedioic
hardwood,paper_birch,0.162,alkanedioic_acids,octanedioic
softwood,eastern_white_pine,0.071,alkanedioic_acids,octanedioic
softwood,eastern_hemlock,0.085,alkanedioic_acids,octanedioic
softwood,balsam_fir,0.095,alkanedioic_acids,octanedioic
hardwood,red_maple,0,alkanedioic_acids,nonanedioic
hardwood,northern_red_oak,0.336,alkanedioic_acids,nonanedioic
hardwood,paper_birch,0.224,alkanedioic_acids,nonanedioic
softwood,eastern_white_pine,0.114,alkanedioic_acids,nonanedioic
softwood,eastern_hemlock,0.199,alkanedioic_acids,nonanedioic
softwood,balsam_fir,0.149,alkanedioic_acids,nonanedioic
hardwood,red_maple,0,alkanedioic_acids,decanedioic
hardwood,northern_red_oak,0.065,alkanedioic_acids,decanedioic
hardwood,paper_birch,0.107,alkanedioic_acids,decanedioic
softwood,eastern_white_pine,0.021,alkanedioic_acids,decanedioic
softwood,eastern_hemlock,0.026,alkanedioic_acids,decanedioic
softwood,balsam_fir,0.047,alkanedioic_acids,decanedioic
hardwood,red_maple,0,alkanedioic_acids,undecanedioic
hardwood,northern_red_oak,0,alkanedioic_acids,undecanedioic
hardwood,paper_birch,0,alkanedioic_acids,undecanedioic
softwood,eastern_white_pine,0,alkanedioic_acids,undecanedioic
softwood,eastern_hemlock,0,alkanedioic_acids,undecanedioic
softwood,balsam_fir,0,alkanedioic_acids,undecanedioic
hardwood,red_maple,0.103,alkanedioic_acids,hexadecanedioic
hardwood,northern_red_oak,0.112,alkanedioic_acids,hexadecanedioic
hardwood,paper_birch,0.101,alkanedioic_acids,hexadecanedioic
softwood,eastern_white_pine,0.052,alkanedioic_acids,hexadecanedioic
softwood,eastern_hemlock,0.83,alkanedioic_acids,hexadecanedioic
softwood,balsam_fir,0.645,alkanedioic_acids,hexadecanedioic
hardwood,red_maple,0.106,methyl_alkanoates,methyl_hexadecanoate
hardwood,northern_red_oak,0.123,methyl_alkanoates,methyl_hexadecanoate
hardwood,paper_birch,0.082,methyl_alkanoates,methyl_hexadecanoate
softwood,eastern_white_pine,0.038,methyl_alkanoates,methyl_hexadecanoate
softwood,eastern_hemlock,0.095,methyl_alkanoates,methyl_hexadecanoate
softwood,balsam_fir,0.076,methyl_alkanoates,methyl_hexadecanoate
hardwood,red_maple,0,methyl_alkanoates,methyl_14_methylhexadecanoate
hardwood,northern_red_oak,0,methyl_alkanoates,methyl_14_methylhexadecanoate
hardwood,paper_birch,0,methyl_alkanoates,methyl_14_methylhexadecanoate
softwood,eastern_white_pine,0.007,methyl_alkanoates,methyl_14_methylhexadecanoate
softwood,eastern_hemlock,0,methyl_alkanoates,methyl_14_methylhexadecanoate
softwood,balsam_fir,0.056,methyl_alkanoates,methyl_14_methylhexadecanoate
hardwood,red_maple,0,methyl_alkanoates,methyl_heptadecanoate
hardwood,northern_red_oak,0.013,methyl_alkanoates,methyl_heptadecanoate
hardwood,paper_birch,0.01,methyl_alkanoates,methyl_heptadecanoate
softwood,eastern_white_pine,0,methyl_alkanoates,methyl_heptadecanoate
softwood,eastern_hemlock,0,methyl_alkanoates,methyl_heptadecanoate
softwood,balsam_fir,0.016,methyl_alkanoates,methyl_heptadecanoate
hardwood,red_maple,0.015,methyl_alkanoates,methyl_octadecanoate
hardwood,northern_red_oak,0.016,methyl_alkanoates,methyl_octadecanoate
hardwood,paper_birch,0.039,methyl_alkanoates,methyl_octadecanoate
softwood,eastern_white_pine,0.022,methyl_alkanoates,methyl_octadecanoate
softwood,eastern_hemlock,0.028,methyl_alkanoates,methyl_octadecanoate
softwood,balsam_fir,0.024,methyl_alkanoates,methyl_octadecanoate
hardwood,red_maple,0,methyl_alkanoates,methyl_eicosanoate
hardwood,northern_red_oak,0.01,methyl_alkanoates,methyl_eicosanoate
hardwood,paper_birch,0.019,methyl_alkanoates,methyl_eicosanoate
softwood,eastern_white_pine,0.019,methyl_alkanoates,methyl_eicosanoate
softwood,eastern_hemlock,0.017,methyl_alkanoates,methyl_eicosanoate
softwood,balsam_fir,0.017,methyl_alkanoates,methyl_eicosanoate
hardwood,red_maple,0,ethyl_alkanoates,ethyl_tetracosanoate
hardwood,northern_red_oak,0,ethyl_alkanoates,ethyl_tetracosanoate
hardwood,paper_birch,0,ethyl_alkanoates,ethyl_tetracosanoate
softwood,eastern_white_pine,0,ethyl_alkanoates,ethyl_tetracosanoate
softwood,eastern_hemlock,0.192,ethyl_alkanoates,ethyl_tetracosanoate
softwood,balsam_fir,0,ethyl_alkanoates,ethyl_tetracosanoate
hardwood,red_maple,0,methyl_alkenoates,methyl_cis_9_octadecenoate
hardwood,northern_red_oak,0,methyl_alkenoates,methyl_cis_9_octadecenoate
hardwood,paper_birch,0.048,methyl_alkenoates,methyl_cis_9_octadecenoate
softwood,eastern_white_pine,0.101,methyl_alkenoates,methyl_cis_9_octadecenoate
softwood,eastern_hemlock,0.061,methyl_alkenoates,methyl_cis_9_octadecenoate
softwood,balsam_fir,0.066,methyl_alkenoates,methyl_cis_9_octadecenoate
hardwood,red_maple,0,methyl_alkenoates,methyl_9_12_octadecadienoate
hardwood,northern_red_oak,0.045,methyl_alkenoates,methyl_9_12_octadecadienoate
hardwood,paper_birch,0.105,methyl_alkenoates,methyl_9_12_octadecadienoate
softwood,eastern_white_pine,0.125,methyl_alkenoates,methyl_9_12_octadecadienoate
softwood,eastern_hemlock,0.045,methyl_alkenoates,methyl_9_12_octadecadienoate
softwood,balsam_fir,0.368,methyl_alkenoates,methyl_9_12_octadecadienoate
hardwood,red_maple,0,guaiacols,guaiacol
hardwood,northern_red_oak,0.19,guaiacols,guaiacol
hardwood,paper_birch,0.136,guaiacols,guaiacol
softwood,eastern_white_pine,0.074,guaiacols,guaiacol
softwood,eastern_hemlock,0.184,guaiacols,guaiacol
softwood,balsam_fir,0.356,guaiacols,guaiacol
hardwood,red_maple,0.066,guaiacols,eugenol
hardwood,northern_red_oak,0.059,guaiacols,eugenol
hardwood,paper_birch,0.174,guaiacols,eugenol
softwood,eastern_white_pine,0.075,guaiacols,eugenol
softwood,eastern_hemlock,0.161,guaiacols,eugenol
softwood,balsam_fir,0.254,guaiacols,eugenol
hardwood,red_maple,0.021,guaiacols,cis_isoeugenol
hardwood,northern_red_oak,0.041,guaiacols,cis_isoeugenol
hardwood,paper_birch,0.061,guaiacols,cis_isoeugenol
softwood,eastern_white_pine,0.083,guaiacols,cis_isoeugenol
softwood,eastern_hemlock,0.124,guaiacols,cis_isoeugenol
softwood,balsam_fir,0.195,guaiacols,cis_isoeugenol
hardwood,red_maple,0.137,guaiacols,trans_isoeugenol
hardwood,northern_red_oak,0.268,guaiacols,trans_isoeugenol
hardwood,paper_birch,0.608,guaiacols,trans_isoeugenol
softwood,eastern_white_pine,0.678,guaiacols,trans_isoeugenol
softwood,eastern_hemlock,1.299,guaiacols,trans_isoeugenol
softwood,balsam_fir,1.382,guaiacols,trans_isoeugenol
hardwood,red_maple,0.252,guaiacols,4_vinylguaiacol
hardwood,northern_red_oak,0.19,guaiacols,4_vinylguaiacol
hardwood,paper_birch,0.134,guaiacols,4_vinylguaiacol
softwood,eastern_white_pine,0.123,guaiacols,4_vinylguaiacol
softwood,eastern_hemlock,0.251,guaiacols,4_vinylguaiacol
softwood,balsam_fir,0.428,guaiacols,4_vinylguaiacol
hardwood,red_maple,0.028,guaiacols,4_ethylguaiacol
hardwood,northern_red_oak,0.05,guaiacols,4_ethylguaiacol
hardwood,paper_birch,0.049,guaiacols,4_ethylguaiacol
softwood,eastern_white_pine,0.049,guaiacols,4_ethylguaiacol
softwood,eastern_hemlock,0.09,guaiacols,4_ethylguaiacol
softwood,balsam_fir,0.203,guaiacols,4_ethylguaiacol
hardwood,red_maple,0,guaiacols,4_propylguaiacol
hardwood,northern_red_oak,0.017,guaiacols,4_propylguaiacol
hardwood,paper_birch,0.026,guaiacols,4_propylguaiacol
softwood,eastern_white_pine,0.048,guaiacols,4_propylguaiacol
softwood,eastern_hemlock,0.068,guaiacols,4_propylguaiacol
softwood,balsam_fir,0.121,guaiacols,4_propylguaiacol
hardwood,red_maple,0.252,guaiacols,vanillic_acid
hardwood,northern_red_oak,3.787,guaiacols,vanillic_acid
hardwood,paper_birch,0.335,guaiacols,vanillic_acid
softwood,eastern_white_pine,0.482,guaiacols,vanillic_acid
softwood,eastern_hemlock,1.629,guaiacols,vanillic_acid
softwood,balsam_fir,2.997,guaiacols,vanillic_acid
hardwood,red_maple,0.7,syringols,syringol
hardwood,northern_red_oak,2.588,syringols,syringol
hardwood,paper_birch,15.354,syringols,syringol
softwood,eastern_white_pine,0,syringols,syringol
softwood,eastern_hemlock,0,syringols,syringol
softwood,balsam_fir,0.258,syringols,syringol
hardwood,red_maple,2.777,syringols,4_ethylsyringol
hardwood,northern_red_oak,2.821,syringols,4_ethylsyringol
hardwood,paper_birch,10.106,syringols,4_ethylsyringol
softwood,eastern_white_pine,0.132,syringols,4_ethylsyringol
softwood,eastern_hemlock,0,syringols,4_ethylsyringol
softwood,balsam_fir,0.335,syringols,4_ethylsyringol
hardwood,red_maple,2.397,syringols,4_propylsyringol
hardwood,northern_red_oak,1.816,syringols,4_propylsyringol
hardwood,paper_birch,2.034,syringols,4_propylsyringol
softwood,eastern_white_pine,0.054,syringols,4_propylsyringol
softwood,eastern_hemlock,0,syringols,4_propylsyringol
softwood,balsam_fir,0.176,syringols,4_propylsyringol
hardwood,red_maple,5.83,syringols,methoxyeugenol
hardwood,northern_red_oak,3.035,syringols,methoxyeugenol
hardwood,paper_birch,6.632,syringols,methoxyeugenol
softwood,eastern_white_pine,0.166,syringols,methoxyeugenol
softwood,eastern_hemlock,0.1,syringols,methoxyeugenol
softwood,balsam_fir,0.607,syringols,methoxyeugenol
hardwood,red_maple,0.786,syringols,cis_methoxy_isoeugenol
hardwood,northern_red_oak,1.367,syringols,cis_methoxy_isoeugenol
hardwood,paper_birch,0.485,syringols,cis_methoxy_isoeugenol
softwood,eastern_white_pine,0.125,syringols,cis_methoxy_isoeugenol
softwood,eastern_hemlock,0.449,syringols,cis_methoxy_isoeugenol
softwood,balsam_fir,0.344,syringols,cis_methoxy_isoeugenol
hardwood,red_maple,3.121,syringols,trans_methoxy_isoeugenol
hardwood,northern_red_oak,2.578,syringols,trans_methoxy_isoeugenol
hardwood,paper_birch,0.859,syringols,trans_methoxy_isoeugenol
softwood,eastern_white_pine,0.024,syringols,trans_methoxy_isoeugenol
softwood,eastern_hemlock,0.165,syringols,trans_methoxy_isoeugenol
softwood,balsam_fir,0.653,syringols,trans_methoxy_isoeugenol
hardwood,red_maple,0.799,phenols,1_2_benzenediol
hardwood,northern_red_oak,5.434,phenols,1_2_benzenediol
hardwood,paper_birch,1.11,phenols,1_2_benzenediol
softwood,eastern_white_pine,1.512,phenols,1_2_benzenediol
softwood,eastern_hemlock,0.952,phenols,1_2_benzenediol
softwood,balsam_fir,7.114,phenols,1_2_benzenediol
hardwood,red_maple,0.625,phenols,1_4_benzenediol
hardwood,northern_red_oak,5.57,phenols,1_4_benzenediol
hardwood,paper_birch,0.919,phenols,1_4_benzenediol
softwood,eastern_white_pine,0.356,phenols,1_4_benzenediol
softwood,eastern_hemlock,1.146,phenols,1_4_benzenediol
softwood,balsam_fir,4.793,phenols,1_4_benzenediol
hardwood,red_maple,0.699,phenols,1_3_benzenediol
hardwood,northern_red_oak,2.645,phenols,1_3_benzenediol
hardwood,paper_birch,1.326,phenols,1_3_benzenediol
softwood,eastern_white_pine,0.57,phenols,1_3_benzenediol
softwood,eastern_hemlock,0.794,phenols,1_3_benzenediol
softwood,balsam_fir,1.134,phenols,1_3_benzenediol
hardwood,red_maple,0.345,phenols,methyl_phenols
hardwood,northern_red_oak,3.543,phenols,methyl_phenols
hardwood,paper_birch,0.975,phenols,methyl_phenols
softwood,eastern_white_pine,2.395,phenols,methyl_phenols
softwood,eastern_hemlock,1.092,phenols,methyl_phenols
softwood,balsam_fir,7.397,phenols,methyl_phenols
hardwood,red_maple,0.281,benzenediols,methoxybenzene_diols
hardwood,northern_red_oak,5.432,benzenediols,methoxybenzene_diols
hardwood,paper_birch,1.43,benzenediols,methoxybenzene_diols
softwood,eastern_white_pine,0.088,benzenediols,methoxybenzene_diols
softwood,eastern_hemlock,0.137,benzenediols,methoxybenzene_diols
softwood,balsam_fir,1.282,benzenediols,methoxybenzene_diols
hardwood,red_maple,0,aldehydes,cinnamaldehyde
hardwood,northern_red_oak,0.903,aldehydes,cinnamaldehyde
hardwood,paper_birch,3.942,aldehydes,cinnamaldehyde
softwood,eastern_white_pine,3.497,aldehydes,cinnamaldehyde
softwood,eastern_hemlock,1.662,aldehydes,cinnamaldehyde
softwood,balsam_fir,2.323,aldehydes,cinnamaldehyde
hardwood,red_maple,0.715,lignans,diguaiacyl_ethanes_divanillyls
hardwood,northern_red_oak,6.562,lignans,diguaiacyl_ethanes_divanillyls
hardwood,paper_birch,0.348,lignans,diguaiacyl_ethanes_divanillyls
softwood,eastern_white_pine,3.303,lignans,diguaiacyl_ethanes_divanillyls
softwood,eastern_hemlock,8.788,lignans,diguaiacyl_ethanes_divanillyls
softwood,balsam_fir,14.11,lignans,diguaiacyl_ethanes_divanillyls
hardwood,red_maple,0.297,lignans,syringyl_guaiacyl_ethane
hardwood,northern_red_oak,3.853,lignans,syringyl_guaiacyl_ethane
hardwood,paper_birch,0.077,lignans,syringyl_guaiacyl_ethane
softwood,eastern_white_pine,0,lignans,syringyl_guaiacyl_ethane
softwood,eastern_hemlock,0,lignans,syringyl_guaiacyl_ethane
softwood,balsam_fir,0.077,lignans,syringyl_guaiacyl_ethane
hardwood,red_maple,0.072,lignans,disyringyl_methane
hardwood,northern_red_oak,0.599,lignans,disyringyl_methane
hardwood,paper_birch,0.019,lignans,disyringyl_methane
softwood,eastern_white_pine,0,lignans,disyringyl_methane
softwood,eastern_hemlock,0,lignans,disyringyl_methane
softwood,balsam_fir,0.015,lignans,disyringyl_methane
hardwood,red_maple,0.617,lignans,disyringyl_ethane
hardwood,northern_red_oak,8.035,lignans,disyringyl_ethane
hardwood,paper_birch,0.213,lignans,disyringyl_ethane
softwood,eastern_white_pine,0,lignans,disyringyl_ethane
softwood,eastern_hemlock,0,lignans,disyringyl_ethane
softwood,balsam_fir,0.06,lignans,disyringyl_ethane
hardwood,red_maple,0.087,polyaromatic_hydrocarbons,phenanthrene
hardwood,northern_red_oak,0.033,polyaromatic_hydrocarbons,phenanthrene
hardwood,paper_birch,0.269,polyaromatic_hydrocarbons,phenanthrene
softwood,eastern_white_pine,0.157,polyaromatic_hydrocarbons,phenanthrene
softwood,eastern_hemlock,0.073,polyaromatic_hydrocarbons,phenanthrene
softwood,balsam_fir,0.073,polyaromatic_hydrocarbons,phenanthrene
hardwood,red_maple,0.018,polyaromatic_hydrocarbons,anthracene
hardwood,northern_red_oak,0.01,polyaromatic_hydrocarbons,anthracene
hardwood,paper_birch,0.05,polyaromatic_hydrocarbons,anthracene
softwood,eastern_white_pine,0.032,polyaromatic_hydrocarbons,anthracene
softwood,eastern_hemlock,0.021,polyaromatic_hydrocarbons,anthracene
softwood,balsam_fir,0.021,polyaromatic_hydrocarbons,anthracene
hardwood,red_maple,0,polyaromatic_hydrocarbons,3_methyl_phenanthrene
hardwood,northern_red_oak,0.008,polyaromatic_hydrocarbons,3_methyl_phenanthrene
hardwood,paper_birch,0.093,polyaromatic_hydrocarbons,3_methyl_phenanthrene
softwood,eastern_white_pine,0.063,polyaromatic_hydrocarbons,3_methyl_phenanthrene
softwood,eastern_hemlock,0.02,polyaromatic_hydrocarbons,3_methyl_phenanthrene
softwood,balsam_fir,0.025,polyaromatic_hydrocarbons,3_methyl_phenanthrene
hardwood,red_maple,0,polyaromatic_hydrocarbons,2_methyl_phenanthrene
hardwood,northern_red_oak,0.014,polyaromatic_hydrocarbons,2_methyl_phenanthrene
hardwood,paper_birch,0.117,polyaromatic_hydrocarbons,2_methyl_phenanthrene
softwood,eastern_white_pine,0.225,polyaromatic_hydrocarbons,2_methyl_phenanthrene
softwood,eastern_hemlock,0.028,polyaromatic_hydrocarbons,2_methyl_phenanthrene
softwood,balsam_fir,0.037,polyaromatic_hydrocarbons,2_methyl_phenanthrene
hardwood,red_maple,0,polyaromatic_hydrocarbons,2_methyl_anthracene
hardwood,northern_red_oak,0.007,polyaromatic_hydrocarbons,2_methyl_anthracene
hardwood,paper_birch,0.061,polyaromatic_hydrocarbons,2_methyl_anthracene
softwood,eastern_white_pine,0.053,polyaromatic_hydrocarbons,2_methyl_anthracene
softwood,eastern_hemlock,0.019,polyaromatic_hydrocarbons,2_methyl_anthracene
softwood,balsam_fir,0.023,polyaromatic_hydrocarbons,2_methyl_anthracene
hardwood,red_maple,0,polyaromatic_hydrocarbons,9_methyl_phenanthrene
hardwood,northern_red_oak,0.01,polyaromatic_hydrocarbons,9_methyl_phenanthrene
hardwood,paper_birch,0.126,polyaromatic_hydrocarbons,9_methyl_phenanthrene
softwood,eastern_white_pine,0.096,polyaromatic_hydrocarbons,9_methyl_phenanthrene
softwood,eastern_hemlock,0.024,polyaromatic_hydrocarbons,9_methyl_phenanthrene
softwood,balsam_fir,0.029,polyaromatic_hydrocarbons,9_methyl_phenanthrene
hardwood,red_maple,0,polyaromatic_hydrocarbons,1_methylphenanthrene
hardwood,northern_red_oak,0.013,polyaromatic_hydrocarbons,1_methylphenanthrene
hardwood,paper_birch,0.111,polyaromatic_hydrocarbons,1_methylphenanthrene
softwood,eastern_white_pine,0.498,polyaromatic_hydrocarbons,1_methylphenanthrene
softwood,eastern_hemlock,0.022,polyaromatic_hydrocarbons,1_methylphenanthrene
softwood,balsam_fir,0.047,polyaromatic_hydrocarbons,1_methylphenanthrene
hardwood,red_maple,0,polyaromatic_hydrocarbons,phenyl_naphthalenes
hardwood,northern_red_oak,0,polyaromatic_hydrocarbons,phenyl_naphthalenes
hardwood,paper_birch,0.266,polyaromatic_hydrocarbons,phenyl_naphthalenes
softwood,eastern_white_pine,0.507,polyaromatic_hydrocarbons,phenyl_naphthalenes
softwood,eastern_hemlock,0.052,polyaromatic_hydrocarbons,phenyl_naphthalenes
softwood,balsam_fir,0.107,polyaromatic_hydrocarbons,phenyl_naphthalenes
hardwood,red_maple,0.315,polyaromatic_hydrocarbons,fluoranthene
hardwood,northern_red_oak,0.183,polyaromatic_hydrocarbons,fluoranthene
hardwood,paper_birch,1.083,polyaromatic_hydrocarbons,fluoranthene
softwood,eastern_white_pine,1.04,polyaromatic_hydrocarbons,fluoranthene
softwood,eastern_hemlock,0.372,polyaromatic_hydrocarbons,fluoranthene
softwood,balsam_fir,0.286,polyaromatic_hydrocarbons,fluoranthene
hardwood,red_maple,0.117,polyaromatic_hydrocarbons,acephenanthrylene
hardwood,northern_red_oak,0.106,polyaromatic_hydrocarbons,acephenanthrylene
hardwood,paper_birch,0.421,polyaromatic_hydrocarbons,acephenanthrylene
softwood,eastern_white_pine,0.5,polyaromatic_hydrocarbons,acephenanthrylene
softwood,eastern_hemlock,0.212,polyaromatic_hydrocarbons,acephenanthrylene
softwood,balsam_fir,0.162,polyaromatic_hydrocarbons,acephenanthrylene
hardwood,red_maple,0.423,polyaromatic_hydrocarbons,pyrene
hardwood,northern_red_oak,0.224,polyaromatic_hydrocarbons,pyrene
hardwood,paper_birch,1.08,polyaromatic_hydrocarbons,pyrene
softwood,eastern_white_pine,0.896,polyaromatic_hydrocarbons,pyrene
softwood,eastern_hemlock,0.401,polyaromatic_hydrocarbons,pyrene
softwood,balsam_fir,0.31,polyaromatic_hydrocarbons,pyrene
hardwood,red_maple,0,polyaromatic_hydrocarbons,retene
hardwood,northern_red_oak,0,polyaromatic_hydrocarbons,retene
hardwood,paper_birch,0,polyaromatic_hydrocarbons,retene
softwood,eastern_white_pine,5.485,polyaromatic_hydrocarbons,retene
softwood,eastern_hemlock,1.666,polyaromatic_hydrocarbons,retene
softwood,balsam_fir,0.742,polyaromatic_hydrocarbons,retene
hardwood,red_maple,0.157,polyaromatic_hydrocarbons,benzo[ghi]_fluoranthene
hardwood,northern_red_oak,0.059,polyaromatic_hydrocarbons,benzo[ghi]_fluoranthene
hardwood,paper_birch,0.159,polyaromatic_hydrocarbons,benzo[ghi]_fluoranthene
softwood,eastern_white_pine,0.198,polyaromatic_hydrocarbons,benzo[ghi]_fluoranthene
softwood,eastern_hemlock,0.129,polyaromatic_hydrocarbons,benzo[ghi]_fluoranthene
softwood,balsam_fir,0.09,polyaromatic_hydrocarbons,benzo[ghi]_fluoranthene
hardwood,red_maple,0.188,polyaromatic_hydrocarbons,cyclopenta[cd]_pyrene
hardwood,northern_red_oak,0.084,polyaromatic_hydrocarbons,cyclopenta[cd]_pyrene
hardwood,paper_birch,0.235,polyaromatic_hydrocarbons,cyclopenta[cd]_pyrene
softwood,eastern_white_pine,0.314,polyaromatic_hydrocarbons,cyclopenta[cd]_pyrene
softwood,eastern_hemlock,0.187,polyaromatic_hydrocarbons,cyclopenta[cd]_pyrene
softwood,balsam_fir,0.122,polyaromatic_hydrocarbons,cyclopenta[cd]_pyrene
hardwood,red_maple,0.01,oxy_pah,1_4_naphthalene_dione
hardwood,northern_red_oak,0.007,oxy_pah,1_4_naphthalene_dione
hardwood,paper_birch,0.036,oxy_pah,1_4_naphthalene_dione
softwood,eastern_white_pine,0.051,oxy_pah,1_4_naphthalene_dione
softwood,eastern_hemlock,0.017,oxy_pah,1_4_naphthalene_dione
softwood,balsam_fir,0.016,oxy_pah,1_4_naphthalene_dione
hardwood,red_maple,0.081,oxy_pah,1_naphthol
hardwood,northern_red_oak,0.06,oxy_pah,1_naphthol
hardwood,paper_birch,0.204,oxy_pah,1_naphthol
softwood,eastern_white_pine,0.15,oxy_pah,1_naphthol
softwood,eastern_hemlock,0.089,oxy_pah,1_naphthol
softwood,balsam_fir,0.128,oxy_pah,1_naphthol
hardwood,red_maple,0,oxy_pah,2_naphthol
hardwood,northern_red_oak,0.135,oxy_pah,2_naphthol
hardwood,paper_birch,0.554,oxy_pah,2_naphthol
softwood,eastern_white_pine,0.348,oxy_pah,2_naphthol
softwood,eastern_hemlock,0.217,oxy_pah,2_naphthol
softwood,balsam_fir,0.3,oxy_pah,2_naphthol
hardwood,red_maple,0.242,oxy_pah,methylnaphthols
hardwood,northern_red_oak,0.597,oxy_pah,methylnaphthols
hardwood,paper_birch,0.817,oxy_pah,methylnaphthols
softwood,eastern_white_pine,0.699,oxy_pah,methylnaphthols
softwood,eastern_hemlock,0.809,oxy_pah,methylnaphthols
softwood,balsam_fir,1.343,oxy_pah,methylnaphthols
hardwood,red_maple,0,oxy_pah,methoxynaph
hardwood,northern_red_oak,0.074,oxy_pah,methoxynaph
hardwood,paper_birch,0.178,oxy_pah,methoxynaph
softwood,eastern_white_pine,0.239,oxy_pah,methoxynaph
softwood,eastern_hemlock,0.212,oxy_pah,methoxynaph
softwood,balsam_fir,0.267,oxy_pah,methoxynaph
hardwood,red_maple,0,sugar_derivatives,1_4_3_6_dianhy_dro_d_glucopyranose
hardwood,northern_red_oak,3.507,sugar_derivatives,1_4_3_6_dianhy_dro_d_glucopyranose
hardwood,paper_birch,11.167,sugar_derivatives,1_4_3_6_dianhy_dro_d_glucopyranose
softwood,eastern_white_pine,4.037,sugar_derivatives,1_4_3_6_dianhy_dro_d_glucopyranose
softwood,eastern_hemlock,0,sugar_derivatives,1_4_3_6_dianhy_dro_d_glucopyranose
softwood,balsam_fir,4.72,sugar_derivatives,1_4_3_6_dianhy_dro_d_glucopyranose
hardwood,red_maple,0,sugar_derivatives,galactosan
hardwood,northern_red_oak,3.527,sugar_derivatives,galactosan
hardwood,paper_birch,0,sugar_derivatives,galactosan
softwood,eastern_white_pine,1.291,sugar_derivatives,galactosan
softwood,eastern_hemlock,2.472,sugar_derivatives,galactosan
softwood,balsam_fir,2.582,sugar_derivatives,galactosan
hardwood,red_maple,0.077,coumarins_and_flavonoids,coumarin
hardwood,northern_red_oak,0.049,coumarins_and_flavonoids,coumarin
hardwood,paper_birch,0.359,coumarins_and_flavonoids,coumarin
softwood,eastern_white_pine,0.11,coumarins_and_flavonoids,coumarin
softwood,eastern_hemlock,0.08,coumarins_and_flavonoids,coumarin
softwood,balsam_fir,0.067,coumarins_and_flavonoids,coumarin
hardwood,red_maple,0,coumarins_and_flavonoids,pinostrobin_chalcone
hardwood,northern_red_oak,0,coumarins_and_flavonoids,pinostrobin_chalcone
hardwood,paper_birch,0,coumarins_and_flavonoids,pinostrobin_chalcone
softwood,eastern_white_pine,1.168,coumarins_and_flavonoids,pinostrobin_chalcone
softwood,eastern_hemlock,0,coumarins_and_flavonoids,pinostrobin_chalcone
softwood,balsam_fir,0,coumarins_and_flavonoids,pinostrobin_chalcone
hardwood,red_maple,0,furans,5_hydroxymethyl_2_furaldehyde
hardwood,northern_red_oak,16.131,furans,5_hydroxymethyl_2_furaldehyde
hardwood,paper_birch,14.388,furans,5_hydroxymethyl_2_furaldehyde
softwood,eastern_white_pine,7.665,furans,5_hydroxymethyl_2_furaldehyde
softwood,eastern_hemlock,0,furans,5_hydroxymethyl_2_furaldehyde
softwood,balsam_fir,16.901,furans,5_hydroxymethyl_2_furaldehyde
hardwood,red_maple,0.081,furans,5_acetoxymethyl_2_furaldehyde
hardwood,northern_red_oak,0.211,furans,5_acetoxymethyl_2_furaldehyde
hardwood,paper_birch,1.328,furans,5_acetoxymethyl_2_furaldehyde
softwood,eastern_white_pine,0.318,furans,5_acetoxymethyl_2_furaldehyde
softwood,eastern_hemlock,0.267,furans,5_acetoxymethyl_2_furaldehyde
softwood,balsam_fir,0.231,furans,5_acetoxymethyl_2_furaldehyde
hardwood,red_maple,0,resin_acids,deisopropyldehydroabietic_acid
hardwood,northern_red_oak,0,resin_acids,deisopropyldehydroabietic_acid
hardwood,paper_birch,0,resin_acids,deisopropyldehydroabietic_acid
softwood,eastern_white_pine,0.237,resin_acids,deisopropyldehydroabietic_acid
softwood,eastern_hemlock,0.021,resin_acids,deisopropyldehydroabietic_acid
softwood,balsam_fir,0.113,resin_acids,deisopropyldehydroabietic_acid
hardwood,red_maple,0,resin_acids,16_17_bisnordehydroabietic_acid
hardwood,northern_red_oak,0,resin_acids,16_17_bisnordehydroabietic_acid
hardwood,paper_birch,0,resin_acids,16_17_bisnordehydroabietic_acid
softwood,eastern_white_pine,0.143,resin_acids,16_17_bisnordehydroabietic_acid
softwood,eastern_hemlock,0.003,resin_acids,16_17_bisnordehydroabietic_acid
softwood,balsam_fir,0.01,resin_acids,16_17_bisnordehydroabietic_acid
hardwood,red_maple,0,resin_acids,16_nordehydro_abietic_acid
hardwood,northern_red_oak,0,resin_acids,16_nordehydro_abietic_acid
hardwood,paper_birch,0,resin_acids,16_nordehydro_abietic_acid
softwood,eastern_white_pine,0.151,resin_acids,16_nordehydro_abietic_acid
softwood,eastern_hemlock,0.016,resin_acids,16_nordehydro_abietic_acid
softwood,balsam_fir,0.013,resin_acids,16_nordehydro_abietic_acid
hardwood,red_maple,0,resin_acids,secodehydroabietic_acid
hardwood,northern_red_oak,0,resin_acids,secodehydroabietic_acid
hardwood,paper_birch,0,resin_acids,secodehydroabietic_acid
softwood,eastern_white_pine,0.549,resin_acids,secodehydroabietic_acid
softwood,eastern_hemlock,0.107,resin_acids,secodehydroabietic_acid
softwood,balsam_fir,0.048,resin_acids,secodehydroabietic_acid
hardwood,red_maple,0,resin_acids,pimaric_acid
hardwood,northern_red_oak,0,resin_acids,pimaric_acid
hardwood,paper_birch,0,resin_acids,pimaric_acid
softwood,eastern_white_pine,0.441,resin_acids,pimaric_acid
softwood,eastern_hemlock,0.107,resin_acids,pimaric_acid
softwood,balsam_fir,0.08,resin_acids,pimaric_acid
hardwood,red_maple,0,resin_acids,sandaracopimaric_acid
hardwood,northern_red_oak,0,resin_acids,sandaracopimaric_acid
hardwood,paper_birch,0,resin_acids,sandaracopimaric_acid
softwood,eastern_white_pine,1.34,resin_acids,sandaracopimaric_acid
softwood,eastern_hemlock,0.17,resin_acids,sandaracopimaric_acid
softwood,balsam_fir,0.401,resin_acids,sandaracopimaric_acid
hardwood,red_maple,0,resin_acids,dehydroabietic_acid
hardwood,northern_red_oak,0,resin_acids,dehydroabietic_acid
hardwood,paper_birch,0,resin_acids,dehydroabietic_acid
softwood,eastern_white_pine,7.811,resin_acids,dehydroabietic_acid
softwood,eastern_hemlock,1.575,resin_acids,dehydroabietic_acid
softwood,balsam_fir,2.316,resin_acids,dehydroabietic_acid
hardwood,red_maple,0,resin_acids,8_15_pimaradien_18_oic_acid
hardwood,northern_red_oak,0,resin_acids,8_15_pimaradien_18_oic_acid
hardwood,paper_birch,0,resin_acids,8_15_pimaradien_18_oic_acid
softwood,eastern_white_pine,3.812,resin_acids,8_15_pimaradien_18_oic_acid
softwood,eastern_hemlock,0.069,resin_acids,8_15_pimaradien_18_oic_acid
softwood,balsam_fir,0.116,resin_acids,8_15_pimaradien_18_oic_acid
hardwood,red_maple,0,resin_acids,isopimaric_acid
hardwood,northern_red_oak,0,resin_acids,isopimaric_acid
hardwood,paper_birch,0,resin_acids,isopimaric_acid
softwood,eastern_white_pine,12.615,resin_acids,isopimaric_acid
softwood,eastern_hemlock,0.408,resin_acids,isopimaric_acid
softwood,balsam_fir,2,resin_acids,isopimaric_acid
hardwood,red_maple,0,diterpenoids,18_norisopimara_4(19)_7_15_triene
hardwood,northern_red_oak,0,diterpenoids,18_norisopimara_4(19)_7_15_triene
hardwood,paper_birch,0,diterpenoids,18_norisopimara_4(19)_7_15_triene
softwood,eastern_white_pine,0.024,diterpenoids,18_norisopimara_4(19)_7_15_triene
softwood,eastern_hemlock,0,diterpenoids,18_norisopimara_4(19)_7_15_triene
softwood,balsam_fir,0,diterpenoids,18_norisopimara_4(19)_7_15_triene
hardwood,red_maple,0,diterpenoids,19_norabieta_8_11_13_triene
hardwood,northern_red_oak,0,diterpenoids,19_norabieta_8_11_13_triene
hardwood,paper_birch,0,diterpenoids,19_norabieta_8_11_13_triene
softwood,eastern_white_pine,0.688,diterpenoids,19_norabieta_8_11_13_triene
softwood,eastern_hemlock,0.01,diterpenoids,19_norabieta_8_11_13_triene
softwood,balsam_fir,0.011,diterpenoids,19_norabieta_8_11_13_triene
hardwood,red_maple,0,diterpenoids,18_norabieta_8_11_13_triene
hardwood,northern_red_oak,0,diterpenoids,18_norabieta_8_11_13_triene
hardwood,paper_birch,0,diterpenoids,18_norabieta_8_11_13_triene
softwood,eastern_white_pine,0.982,diterpenoids,18_norabieta_8_11_13_triene
softwood,eastern_hemlock,0.018,diterpenoids,18_norabieta_8_11_13_triene
softwood,balsam_fir,0.011,diterpenoids,18_norabieta_8_11_13_triene
hardwood,red_maple,0,diterpenoids,19_norabieta_4_8_11_13_tetraene
hardwood,northern_red_oak,0,diterpenoids,19_norabieta_4_8_11_13_tetraene
hardwood,paper_birch,0,diterpenoids,19_norabieta_4_8_11_13_tetraene
softwood,eastern_white_pine,1.043,diterpenoids,19_norabieta_4_8_11_13_tetraene
softwood,eastern_hemlock,0.053,diterpenoids,19_norabieta_4_8_11_13_tetraene
softwood,balsam_fir,0.055,diterpenoids,19_norabieta_4_8_11_13_tetraene
hardwood,red_maple,0,diterpenoids,18_norabieta_4(19)_8_11_13_tetraene
hardwood,northern_red_oak,0,diterpenoids,18_norabieta_4(19)_8_11_13_tetraene
hardwood,paper_birch,0,diterpenoids,18_norabieta_4(19)_8_11_13_tetraene
softwood,eastern_white_pine,0.439,diterpenoids,18_norabieta_4(19)_8_11_13_tetraene
softwood,eastern_hemlock,0.027,diterpenoids,18_norabieta_4(19)_8_11_13_tetraene
softwood,balsam_fir,0.028,diterpenoids,18_norabieta_4(19)_8_11_13_tetraene
hardwood,red_maple,0,diterpenoids,dehydroabietane
hardwood,northern_red_oak,0,diterpenoids,dehydroabietane
hardwood,paper_birch,0,diterpenoids,dehydroabietane
softwood,eastern_white_pine,0.035,diterpenoids,dehydroabietane
softwood,eastern_hemlock,0.31,diterpenoids,dehydroabietane
softwood,balsam_fir,0.012,diterpenoids,dehydroabietane
hardwood,red_maple,0,diterpenoids,abietate
hardwood,northern_red_oak,0,diterpenoids,abietate
hardwood,paper_birch,0,diterpenoids,abietate
softwood,eastern_white_pine,0.048,diterpenoids,abietate
softwood,eastern_hemlock,0.005,diterpenoids,abietate
softwood,balsam_fir,0,diterpenoids,abietate
hardwood,red_maple,0,diterpenoids,pimarinal
hardwood,northern_red_oak,0,diterpenoids,pimarinal
hardwood,paper_birch,0,diterpenoids,pimarinal
softwood,eastern_white_pine,0.075,diterpenoids,pimarinal
softwood,eastern_hemlock,0.03,diterpenoids,pimarinal
softwood,balsam_fir,0,diterpenoids,pimarinal
hardwood,red_maple,0,diterpenoids,methyl_8_15_pimaradien18_oate
hardwood,northern_red_oak,0,diterpenoids,methyl_8_15_pimaradien18_oate
hardwood,paper_birch,0,diterpenoids,methyl_8_15_pimaradien18_oate
softwood,eastern_white_pine,0.275,diterpenoids,methyl_8_15_pimaradien18_oate
softwood,eastern_hemlock,0.051,diterpenoids,methyl_8_15_pimaradien18_oate
softwood,balsam_fir,0,diterpenoids,methyl_8_15_pimaradien18_oate
hardwood,red_maple,0,diterpenoids,methyl_isopimarate
hardwood,northern_red_oak,0,diterpenoids,methyl_isopimarate
hardwood,paper_birch,0,diterpenoids,methyl_isopimarate
softwood,eastern_white_pine,0.757,diterpenoids,methyl_isopimarate
softwood,eastern_hemlock,0.132,diterpenoids,methyl_isopimarate
softwood,balsam_fir,0.056,diterpenoids,methyl_isopimarate
hardwood,red_maple,0,phytosteroids,stigmasterol
hardwood,northern_red_oak,0.429,phytosteroids,stigmasterol
hardwood,paper_birch,0,phytosteroids,stigmasterol
softwood,eastern_white_pine,0,phytosteroids,stigmasterol
softwood,eastern_hemlock,0,phytosteroids,stigmasterol
softwood,balsam_fir,0.211,phytosteroids,stigmasterol
hardwood,red_maple,0.793,phytosteroids,a_sitosterol
hardwood,northern_red_oak,6.367,phytosteroids,a_sitosterol
hardwood,paper_birch,0.645,phytosteroids,a_sitosterol
softwood,eastern_white_pine,0.305,phytosteroids,a_sitosterol
softwood,eastern_hemlock,2.509,phytosteroids,a_sitosterol
softwood,balsam_fir,4.98,phytosteroids,a_sitosterol
hardwood,red_maple,0.09,phytosteroids,stigmast_4_en_3_one_(sitostenone)
hardwood,northern_red_oak,0.464,phytosteroids,stigmast_4_en_3_one_(sitostenone)
hardwood,paper_birch,0.096,phytosteroids,stigmast_4_en_3_one_(sitostenone)
softwood,eastern_white_pine,0.022,phytosteroids,stigmast_4_en_3_one_(sitostenone)
softwood,eastern_hemlock,0.061,phytosteroids,stigmast_4_en_3_one_(sitostenone)
softwood,balsam_fir,0.15,phytosteroids,stigmast_4_en_3_one_(sitostenone)
hardwood,red_maple,0,phytosteroids,stigmasta_3_5_dien_7_one
hardwood,northern_red_oak,0.789,phytosteroids,stigmasta_3_5_dien_7_one
hardwood,paper_birch,0.256,phytosteroids,stigmasta_3_5_dien_7_one
softwood,eastern_white_pine,0.055,phytosteroids,stigmasta_3_5_dien_7_one
softwood,eastern_hemlock,0.145,phytosteroids,stigmasta_3_5_dien_7_one
softwood,balsam_fir,0.587,phytosteroids,stigmasta_3_5_dien_7_one
hardwood,red_maple,0,triterpenoids,allobetul_2_ene
hardwood,northern_red_oak,0,triterpenoids,allobetul_2_ene
hardwood,paper_birch,3.157,triterpenoids,allobetul_2_ene
softwood,eastern_white_pine,0,triterpenoids,allobetul_2_ene
softwood,eastern_hemlock,0,triterpenoids,allobetul_2_ene
softwood,balsam_fir,0,triterpenoids,allobetul_2_ene
hardwood,red_maple,0,triterpenoids,allobetulone
hardwood,northern_red_oak,0,triterpenoids,allobetulone
hardwood,paper_birch,0.231,triterpenoids,allobetulone
softwood,eastern_white_pine,0,triterpenoids,allobetulone
softwood,eastern_hemlock,0,triterpenoids,allobetulone
softwood,balsam_fir,0,triterpenoids,allobetulone
hardwood,red_maple,0,triterpenoids,allobetulin
hardwood,northern_red_oak,0,triterpenoids,allobetulin
hardwood,paper_birch,6.362,triterpenoids,allobetulin
softwood,eastern_white_pine,0,triterpenoids,allobetulin
softwood,eastern_hemlock,0,triterpenoids,allobetulin
softwood,balsam_fir,0,triterpenoids,allobetulin
hardwood,red_maple,0,triterpenoids,betulin
hardwood,northern_red_oak,0,triterpenoids,betulin
hardwood,paper_birch,46.71,triterpenoids,betulin
softwood,eastern_white_pine,0,triterpenoids,betulin
softwood,eastern_hemlock,0,triterpenoids,betulin
softwood,balsam_fir,0,triterpenoids,betulin
hardwood,red_maple,0.035,other_compounds,1_indanone
hardwood,northern_red_oak,0.043,other_compounds,1_indanone
hardwood,paper_birch,0.235,other_compounds,1_indanone
softwood,eastern_white_pine,0.128,other_compounds,1_indanone
softwood,eastern_hemlock,0.096,other_compounds,1_indanone
softwood,balsam_fir,0.096,other_compounds,1_indanone
hardwood,red_maple,0,other_compounds,methyl_indanones
hardwood,northern_red_oak,0.074,other_compounds,methyl_indanones
hardwood,paper_birch,0.122,other_compounds,methyl_indanones
softwood,eastern_white_pine,0.178,other_compounds,methyl_indanones
softwood,eastern_hemlock,0.208,other_compounds,methyl_indanones
softwood,balsam_fir,0.21,other_compounds,methyl_indanones
hardwood,red_maple,0.076,other_compounds,squalene
hardwood,northern_red_oak,0.339,other_compounds,squalene
hardwood,paper_birch,0.496,other_compounds,squalene
softwood,eastern_white_pine,0.114,other_compounds,squalene
softwood,eastern_hemlock,0.119,other_compounds,squalene
softwood,balsam_fir,0.174,other_compounds,squalene
hardwood,red_maple,0,other_compounds,tocopherol_(vitamin_e)
hardwood,northern_red_oak,0.4,other_compounds,tocopherol_(vitamin_e)
hardwood,paper_birch,0,other_compounds,tocopherol_(vitamin_e)
softwood,eastern_white_pine,0,other_compounds,tocopherol_(vitamin_e)
softwood,eastern_hemlock,0,other_compounds,tocopherol_(vitamin_e)
softwood,balsam_fir,0,other_compounds,tocopherol_(vitamin_e)
hardwood,red_maple,0,n_alkanols,n_eicosanol
hardwood,northern_red_oak,0.286,n_alkanols,n_eicosanol
hardwood,paper_birch,0,n_alkanols,n_eicosanol
softwood,eastern_white_pine,0,n_alkanols,n_eicosanol
softwood,eastern_hemlock,0,n_alkanols,n_eicosanol
softwood,balsam_fir,0.047,n_alkanols,n_eicosanol
hardwood,red_maple,0,n_alkanals,n_tetracosanal
hardwood,northern_red_oak,0.081,n_alkanals,n_tetracosanal
hardwood,paper_birch,0,n_alkanals,n_tetracosanal
softwood,eastern_white_pine,0,n_alkanals,n_tetracosanal
softwood,eastern_hemlock,0.048,n_alkanals,n_tetracosanal
softwood,balsam_fir,0.06,n_alkanals,n_tetracosanal
hardwood,red_maple,0,n_alkanals,n_pentacosanal
hardwood,northern_red_oak,0.034,n_alkanals,n_pentacosanal
hardwood,paper_birch,0,n_alkanals,n_pentacosanal
softwood,eastern_white_pine,0,n_alkanals,n_pentacosanal
softwood,eastern_hemlock,0,n_alkanals,n_pentacosanal
softwood,balsam_fir,0,n_alkanals,n_pentacosanal
hardwood,red_maple,0.024,alkanoic_acids,n_nonadecanoic
hardwood,northern_red_oak,0.061,alkanoic_acids,n_nonadecanoic
hardwood,paper_birch,0.16,alkanoic_acids,n_nonadecanoic
softwood,eastern_white_pine,0.035,alkanoic_acids,n_nonadecanoic
softwood,eastern_hemlock,0.086,alkanoic_acids,n_nonadecanoic
softwood,balsam_fir,0.069,alkanoic_acids,n_nonadecanoic
hardwood,red_maple,0.107,alkanoic_acids,n_eicosanoic
hardwood,northern_red_oak,0.253,alkanoic_acids,n_eicosanoic
hardwood,paper_birch,0.804,alkanoic_acids,n_eicosanoic
softwood,eastern_white_pine,0.316,alkanoic_acids,n_eicosanoic
softwood,eastern_hemlock,0.665,alkanoic_acids,n_eicosanoic
softwood,balsam_fir,0.337,alkanoic_acids,n_eicosanoic
hardwood,red_maple,0.074,alkanoic_acids,n_heneicosanoic
hardwood,northern_red_oak,0.189,alkanoic_acids,n_heneicosanoic
hardwood,paper_birch,0.333,alkanoic_acids,n_heneicosanoic
softwood,eastern_white_pine,0.034,alkanoic_acids,n_heneicosanoic
softwood,eastern_hemlock,0.185,alkanoic_acids,n_heneicosanoic
softwood,balsam_fir,0.16,alkanoic_acids,n_heneicosanoic
hardwood,red_maple,0.505,alkanoic_acids,n_docosanoic
hardwood,northern_red_oak,1.236,alkanoic_acids,n_docosanoic
hardwood,paper_birch,0.768,alkanoic_acids,n_docosanoic
softwood,eastern_white_pine,0.283,alkanoic_acids,n_docosanoic
softwood,eastern_hemlock,1.54,alkanoic_acids,n_docosanoic
softwood,balsam_fir,1.446,alkanoic_acids,n_docosanoic
hardwood,red_maple,0,alkanoic_acids,20_methyldocosanoic
hardwood,northern_red_oak,0,alkanoic_acids,20_methyldocosanoic
hardwood,paper_birch,0,alkanoic_acids,20_methyldocosanoic
softwood,eastern_white_pine,0,alkanoic_acids,20_methyldocosanoic
softwood,eastern_hemlock,0.013,alkanoic_acids,20_methyldocosanoic
softwood,balsam_fir,0.088,alkanoic_acids,20_methyldocosanoic
hardwood,red_maple,0.139,alkanoic_acids,n_tricosanoic
hardwood,northern_red_oak,0.347,alkanoic_acids,n_tricosanoic
hardwood,paper_birch,0.083,alkanoic_acids,n_tricosanoic
softwood,eastern_white_pine,0.028,alkanoic_acids,n_tricosanoic
softwood,eastern_hemlock,0.209,alkanoic_acids,n_tricosanoic
softwood,balsam_fir,0.233,alkanoic_acids,n_tricosanoic
hardwood,red_maple,0.612,alkanoic_acids,n_tetracosanoic
hardwood,northern_red_oak,4.347,alkanoic_acids,n_tetracosanoic
hardwood,paper_birch,0.166,alkanoic_acids,n_tetracosanoic
softwood,eastern_white_pine,0.191,alkanoic_acids,n_tetracosanoic
softwood,eastern_hemlock,4.058,alkanoic_acids,n_tetracosanoic
softwood,balsam_fir,1.526,alkanoic_acids,n_tetracosanoic
hardwood,red_maple,0.063,alkanoic_acids,n_pentacosanoic
hardwood,northern_red_oak,0.2,alkanoic_acids,n_pentacosanoic
hardwood,paper_birch,0.104,alkanoic_acids,n_pentacosanoic
softwood,eastern_white_pine,0.005,alkanoic_acids,n_pentacosanoic
softwood,eastern_hemlock,0.131,alkanoic_acids,n_pentacosanoic
softwood,balsam_fir,0.062,alkanoic_acids,n_pentacosanoic
hardwood,red_maple,0.073,alkanoic_acids,n_hexacosanoic
hardwood,northern_red_oak,1.837,alkanoic_acids,n_hexacosanoic
hardwood,paper_birch,0.054,alkanoic_acids,n_hexacosanoic
softwood,eastern_white_pine,0.016,alkanoic_acids,n_hexacosanoic
softwood,eastern_hemlock,2.039,alkanoic_acids,n_hexacosanoic
softwood,balsam_fir,0.115,alkanoic_acids,n_hexacosanoic
hardwood,red_maple,0,alkanoic_acids,n_heptacosanoic
hardwood,northern_red_oak,0.108,alkanoic_acids,n_heptacosanoic
hardwood,paper_birch,0,alkanoic_acids,n_heptacosanoic
softwood,eastern_white_pine,0,alkanoic_acids,n_heptacosanoic
softwood,eastern_hemlock,0.027,alkanoic_acids,n_heptacosanoic
softwood,balsam_fir,0,alkanoic_acids,n_heptacosanoic
hardwood,red_maple,0,alkanoic_acids,n_octacosanoic
hardwood,northern_red_oak,0.055,alkanoic_acids,n_octacosanoic
hardwood,paper_birch,0,alkanoic_acids,n_octacosanoic
softwood,eastern_white_pine,0,alkanoic_acids,n_octacosanoic
softwood,eastern_hemlock,0.256,alkanoic_acids,n_octacosanoic
softwood,balsam_fir,0,alkanoic_acids,n_octacosanoic
hardwood,red_maple,0,alkenoic_acids,heneicosenoic
hardwood,northern_red_oak,0,alkenoic_acids,heneicosenoic
hardwood,paper_birch,0,alkenoic_acids,heneicosenoic
softwood,eastern_white_pine,0,alkenoic_acids,heneicosenoic
softwood,eastern_hemlock,0,alkenoic_acids,heneicosenoic
softwood,balsam_fir,0,alkenoic_acids,heneicosenoic
hardwood,red_maple,0.161,alkenoic_acids,docosenoic
hardwood,northern_red_oak,0.241,alkenoic_acids,docosenoic
hardwood,paper_birch,0.422,alkenoic_acids,docosenoic
softwood,eastern_white_pine,0,alkenoic_acids,docosenoic
softwood,eastern_hemlock,0.161,alkenoic_acids,docosenoic
softwood,balsam_fir,0.143,alkenoic_acids,docosenoic
hardwood,red_maple,0,alkenoic_acids,tricosenoic
hardwood,northern_red_oak,0,alkenoic_acids,tricosenoic
hardwood,paper_birch,0,alkenoic_acids,tricosenoic
softwood,eastern_white_pine,0,alkenoic_acids,tricosenoic
softwood,eastern_hemlock,0,alkenoic_acids,tricosenoic
softwood,balsam_fir,0,alkenoic_acids,tricosenoic
hardwood,red_maple,0,alkenoic_acids,tetracosenoic
hardwood,northern_red_oak,0.601,alkenoic_acids,tetracosenoic
hardwood,paper_birch,0,alkenoic_acids,tetracosenoic
softwood,eastern_white_pine,0,alkenoic_acids,tetracosenoic
softwood,eastern_hemlock,0.122,alkenoic_acids,tetracosenoic
softwood,balsam_fir,0.029,alkenoic_acids,tetracosenoic
hardwood,red_maple,0,alkenoic_acids,pentacosenoic
hardwood,northern_red_oak,0.196,alkenoic_acids,pentacosenoic
hardwood,paper_birch,0,alkenoic_acids,pentacosenoic
softwood,eastern_white_pine,0,alkenoic_acids,pentacosenoic
softwood,eastern_hemlock,0,alkenoic_acids,pentacosenoic
softwood,balsam_fir,0,alkenoic_acids,pentacosenoic
hardwood,red_maple,0,alkenoic_acids,hexacosenoic
hardwood,northern_red_oak,0.123,alkenoic_acids,hexacosenoic
hardwood,paper_birch,0,alkenoic_acids,hexacosenoic
softwood,eastern_white_pine,0,alkenoic_acids,hexacosenoic
softwood,eastern_hemlock,0,alkenoic_acids,hexacosenoic
softwood,balsam_fir,0,alkenoic_acids,hexacosenoic
hardwood,red_maple,0,alkanedioic_acids,octadecanedioic
hardwood,northern_red_oak,0.067,alkanedioic_acids,octadecanedioic
hardwood,paper_birch,0.07,alkanedioic_acids,octadecanedioic
softwood,eastern_white_pine,0,alkanedioic_acids,octadecanedioic
softwood,eastern_hemlock,0.194,alkanedioic_acids,octadecanedioic
softwood,balsam_fir,0.109,alkanedioic_acids,octadecanedioic
hardwood,red_maple,0,alkanedioic_acids,eicosanedioic
hardwood,northern_red_oak,0.065,alkanedioic_acids,eicosanedioic
hardwood,paper_birch,0.069,alkanedioic_acids,eicosanedioic
softwood,eastern_white_pine,0.023,alkanedioic_acids,eicosanedioic
softwood,eastern_hemlock,0.137,alkanedioic_acids,eicosanedioic
softwood,balsam_fir,0.171,alkanedioic_acids,eicosanedioic
hardwood,red_maple,0.1,alkanedioic_acids,docosanedioic
hardwood,northern_red_oak,0.086,alkanedioic_acids,docosanedioic
hardwood,paper_birch,0.488,alkanedioic_acids,docosanedioic
softwood,eastern_white_pine,0,alkanedioic_acids,docosanedioic
softwood,eastern_hemlock,0.153,alkanedioic_acids,docosanedioic
softwood,balsam_fir,0.182,alkanedioic_acids,docosanedioic
hardwood,red_maple,0,alkanedioic_acids,tetracosanedioic
hardwood,northern_red_oak,0.32,alkanedioic_acids,tetracosanedioic
hardwood,paper_birch,0,alkanedioic_acids,tetracosanedioic
softwood,eastern_white_pine,0,alkanedioic_acids,tetracosanedioic
softwood,eastern_hemlock,0.031,alkanedioic_acids,tetracosanedioic
softwood,balsam_fir,0,alkanedioic_acids,tetracosanedioic
hardwood,red_maple,0,alkanedioic_acids,pentacosanedioic
hardwood,northern_red_oak,0.118,alkanedioic_acids,pentacosanedioic
hardwood,paper_birch,0,alkanedioic_acids,pentacosanedioic
softwood,eastern_white_pine,0,alkanedioic_acids,pentacosanedioic
softwood,eastern_hemlock,0,alkanedioic_acids,pentacosanedioic
softwood,balsam_fir,0,alkanedioic_acids,pentacosanedioic
hardwood,red_maple,0,alkanedioic_acids,hexacosanedioic
hardwood,northern_red_oak,0.07,alkanedioic_acids,hexacosanedioic
hardwood,paper_birch,0,alkanedioic_acids,hexacosanedioic
softwood,eastern_white_pine,0,alkanedioic_acids,hexacosanedioic
softwood,eastern_hemlock,0,alkanedioic_acids,hexacosanedioic
softwood,balsam_fir,0,alkanedioic_acids,hexacosanedioic
hardwood,red_maple,0,methyl_alkanoates,methyl_heneicosanoate
hardwood,northern_red_oak,0,methyl_alkanoates,methyl_heneicosanoate
hardwood,paper_birch,0.004,methyl_alkanoates,methyl_heneicosanoate
softwood,eastern_white_pine,0,methyl_alkanoates,methyl_heneicosanoate
softwood,eastern_hemlock,0,methyl_alkanoates,methyl_heneicosanoate
softwood,balsam_fir,0.007,methyl_alkanoates,methyl_heneicosanoate
hardwood,red_maple,0,methyl_alkanoates,methyl_docosanoate
hardwood,northern_red_oak,0.056,methyl_alkanoates,methyl_docosanoate
hardwood,paper_birch,0.005,methyl_alkanoates,methyl_docosanoate
softwood,eastern_white_pine,0.009,methyl_alkanoates,methyl_docosanoate
softwood,eastern_hemlock,0.038,methyl_alkanoates,methyl_docosanoate
softwood,balsam_fir,0.094,methyl_alkanoates,methyl_docosanoate
hardwood,red_maple,0,methyl_alkanoates,methyl_tricosanoate
hardwood,northern_red_oak,0,methyl_alkanoates,methyl_tricosanoate
hardwood,paper_birch,0.005,methyl_alkanoates,methyl_tricosanoate
softwood,eastern_white_pine,0,methyl_alkanoates,methyl_tricosanoate
softwood,eastern_hemlock,0,methyl_alkanoates,methyl_tricosanoate
softwood,balsam_fir,0.017,methyl_alkanoates,methyl_tricosanoate
hardwood,red_maple,0,methyl_alkanoates,methyl_tetracosanoate
hardwood,northern_red_oak,0.066,methyl_alkanoates,methyl_tetracosanoate
hardwood,paper_birch,0.008,methyl_alkanoates,methyl_tetracosanoate
softwood,eastern_white_pine,0.01,methyl_alkanoates,methyl_tetracosanoate
softwood,eastern_hemlock,0.127,methyl_alkanoates,methyl_tetracosanoate
softwood,balsam_fir,0.103,methyl_alkanoates,methyl_tetracosanoate
hardwood,red_maple,0,methyl_alkanoates,methyl_pentacosanoate
hardwood,northern_red_oak,0,methyl_alkanoates,methyl_pentacosanoate
hardwood,paper_birch,0,methyl_alkanoates,methyl_pentacosanoate
softwood,eastern_white_pine,0,methyl_alkanoates,methyl_pentacosanoate
softwood,eastern_hemlock,0,methyl_alkanoates,methyl_pentacosanoate
softwood,balsam_fir,0.015,methyl_alkanoates,methyl_pentacosanoate
hardwood,red_maple,0,methyl_alkanoates,methyl_hexacosanoate
hardwood,northern_red_oak,0.016,methyl_alkanoates,methyl_hexacosanoate
hardwood,paper_birch,0,methyl_alkanoates,methyl_hexacosanoate
softwood,eastern_white_pine,0,methyl_alkanoates,methyl_hexacosanoate
softwood,eastern_hemlock,0.04,methyl_alkanoates,methyl_hexacosanoate
softwood,balsam_fir,0.014,methyl_alkanoates,methyl_hexacosanoate
hardwood,red_maple,0,ethyl_alkanoates,ethyl_hexacosanoate
hardwood,northern_red_oak,0,ethyl_alkanoates,ethyl_hexacosanoate
hardwood,paper_birch,0,ethyl_alkanoates,ethyl_hexacosanoate
softwood,eastern_white_pine,0,ethyl_alkanoates,ethyl_hexacosanoate
softwood,eastern_hemlock,0.129,ethyl_alkanoates,ethyl_hexacosanoate
softwood,balsam_fir,0,ethyl_alkanoates,ethyl_hexacosanoate
hardwood,red_maple,0,methyl_alkenoates,methyl_docosenoate
hardwood,northern_red_oak,0,methyl_alkenoates,methyl_docosenoate
hardwood,paper_birch,0,methyl_alkenoates,methyl_docosenoate
softwood,eastern_white_pine,0,methyl_alkenoates,methyl_docosenoate
softwood,eastern_hemlock,0,methyl_alkenoates,methyl_docosenoate
softwood,balsam_fir,0.014,methyl_alkenoates,methyl_docosenoate
hardwood,red_maple,0,methyl_alkenoates,methyl_tetracosenoate
hardwood,northern_red_oak,0,methyl_alkenoates,methyl_tetracosenoate
hardwood,paper_birch,0,methyl_alkenoates,methyl_tetracosenoate
softwood,eastern_white_pine,0,methyl_alkenoates,methyl_tetracosenoate
softwood,eastern_hemlock,0,methyl_alkenoates,methyl_tetracosenoate
softwood,balsam_fir,0.011,methyl_alkenoates,methyl_tetracosenoate
hardwood,red_maple,0,guaiacols,methyl_vanillate
hardwood,northern_red_oak,0.072,guaiacols,methyl_vanillate
hardwood,paper_birch,0.154,guaiacols,methyl_vanillate
softwood,eastern_white_pine,0.165,guaiacols,methyl_vanillate
softwood,eastern_hemlock,0.231,guaiacols,methyl_vanillate
softwood,balsam_fir,0.237,guaiacols,methyl_vanillate
hardwood,red_maple,2.474,guaiacols,homovanillic_acid
hardwood,northern_red_oak,11.072,guaiacols,homovanillic_acid
hardwood,paper_birch,1.016,guaiacols,homovanillic_acid
softwood,eastern_white_pine,2.889,guaiacols,homovanillic_acid
softwood,eastern_hemlock,18.139,guaiacols,homovanillic_acid
softwood,balsam_fir,24.111,guaiacols,homovanillic_acid
hardwood,red_maple,0.071,guaiacols,methyl_homovanillate
hardwood,northern_red_oak,0.122,guaiacols,methyl_homovanillate
hardwood,paper_birch,0.047,guaiacols,methyl_homovanillate
softwood,eastern_white_pine,0.064,guaiacols,methyl_homovanillate
softwood,eastern_hemlock,0.173,guaiacols,methyl_homovanillate
softwood,balsam_fir,0.21,guaiacols,methyl_homovanillate
hardwood,red_maple,0,guaiacols,vanillin
hardwood,northern_red_oak,2.05,guaiacols,vanillin
hardwood,paper_birch,7.205,guaiacols,vanillin
softwood,eastern_white_pine,5.164,guaiacols,vanillin
softwood,eastern_hemlock,5.088,guaiacols,vanillin
softwood,balsam_fir,5.71,guaiacols,vanillin
hardwood,red_maple,1.624,guaiacols,acetovanillone
hardwood,northern_red_oak,2.357,guaiacols,acetovanillone
hardwood,paper_birch,3.395,guaiacols,acetovanillone
softwood,eastern_white_pine,2.988,guaiacols,acetovanillone
softwood,eastern_hemlock,5.425,guaiacols,acetovanillone
softwood,balsam_fir,5.967,guaiacols,acetovanillone
hardwood,red_maple,0.533,guaiacols,propiovanillone
hardwood,northern_red_oak,1.187,guaiacols,propiovanillone
hardwood,paper_birch,0.584,guaiacols,propiovanillone
softwood,eastern_white_pine,0.939,guaiacols,propiovanillone
softwood,eastern_hemlock,2.746,guaiacols,propiovanillone
softwood,balsam_fir,2.96,guaiacols,propiovanillone
hardwood,red_maple,4.352,guaiacols,guaiacyl_acetone
hardwood,northern_red_oak,7.24,guaiacols,guaiacyl_acetone
hardwood,paper_birch,4.644,guaiacols,guaiacyl_acetone
softwood,eastern_white_pine,4.436,guaiacols,guaiacyl_acetone
softwood,eastern_hemlock,16.28,guaiacols,guaiacyl_acetone
softwood,balsam_fir,17.678,guaiacols,guaiacyl_acetone
hardwood,red_maple,13.724,guaiacols,coniferyl_aldehyde
hardwood,northern_red_oak,17.271,guaiacols,coniferyl_aldehyde
hardwood,paper_birch,6.631,guaiacols,coniferyl_aldehyde
softwood,eastern_white_pine,7.374,guaiacols,coniferyl_aldehyde
softwood,eastern_hemlock,39.003,guaiacols,coniferyl_aldehyde
softwood,balsam_fir,30.954,guaiacols,coniferyl_aldehyde
hardwood,red_maple,0,syringols,syringic_acid
hardwood,northern_red_oak,4.93,syringols,syringic_acid
hardwood,paper_birch,0,syringols,syringic_acid
softwood,eastern_white_pine,0,syringols,syringic_acid
softwood,eastern_hemlock,0,syringols,syringic_acid
softwood,balsam_fir,0,syringols,syringic_acid
hardwood,red_maple,27.022,syringols,syringaldehyde
hardwood,northern_red_oak,21.967,syringols,syringaldehyde
hardwood,paper_birch,13.8,syringols,syringaldehyde
softwood,eastern_white_pine,2.355,syringols,syringaldehyde
softwood,eastern_hemlock,3.609,syringols,syringaldehyde
softwood,balsam_fir,7.446,syringols,syringaldehyde
hardwood,red_maple,7.209,syringols,acetosyringone
hardwood,northern_red_oak,9.905,syringols,acetosyringone
hardwood,paper_birch,2.979,syringols,acetosyringone
softwood,eastern_white_pine,0.576,syringols,acetosyringone
softwood,eastern_hemlock,1.021,syringols,acetosyringone
softwood,balsam_fir,3.122,syringols,acetosyringone
hardwood,red_maple,19.51,syringols,syringyl_acetone
hardwood,northern_red_oak,28.593,syringols,syringyl_acetone
hardwood,paper_birch,7.474,syringols,syringyl_acetone
softwood,eastern_white_pine,1.025,syringols,syringyl_acetone
softwood,eastern_hemlock,1.773,syringols,syringyl_acetone
softwood,balsam_fir,7.184,syringols,syringyl_acetone
hardwood,red_maple,1.582,syringols,propionyl_syringol
hardwood,northern_red_oak,2.109,syringols,propionyl_syringol
hardwood,paper_birch,0.746,syringols,propionyl_syringol
softwood,eastern_white_pine,0.167,syringols,propionyl_syringol
softwood,eastern_hemlock,0.267,syringols,propionyl_syringol
softwood,balsam_fir,0.588,syringols,propionyl_syringol
hardwood,red_maple,7.496,syringols,sinapyl_aldehyde
hardwood,northern_red_oak,8.224,syringols,sinapyl_aldehyde
hardwood,paper_birch,5.987,syringols,sinapyl_aldehyde
softwood,eastern_white_pine,0.219,syringols,sinapyl_aldehyde
softwood,eastern_hemlock,0,syringols,sinapyl_aldehyde
softwood,balsam_fir,1.088,syringols,sinapyl_aldehyde
hardwood,red_maple,0,phenols,benzenetriols
hardwood,northern_red_oak,2.057,phenols,benzenetriols
hardwood,paper_birch,0,phenols,benzenetriols
softwood,eastern_white_pine,0,phenols,benzenetriols
softwood,eastern_hemlock,0,phenols,benzenetriols
softwood,balsam_fir,0.324,phenols,benzenetriols
hardwood,red_maple,0.205,phenols,hydroxyacetophenones
hardwood,northern_red_oak,0.706,phenols,hydroxyacetophenones
hardwood,paper_birch,0.634,phenols,hydroxyacetophenones
softwood,eastern_white_pine,0.501,phenols,hydroxyacetophenones
softwood,eastern_hemlock,0.726,phenols,hydroxyacetophenones
softwood,balsam_fir,1.018,phenols,hydroxyacetophenones
hardwood,red_maple,0,phenols,methyl_hydroxy_benzoates
hardwood,northern_red_oak,0.198,phenols,methyl_hydroxy_benzoates
hardwood,paper_birch,0.262,phenols,methyl_hydroxy_benzoates
softwood,eastern_white_pine,0.083,phenols,methyl_hydroxy_benzoates
softwood,eastern_hemlock,0.129,phenols,methyl_hydroxy_benzoates
softwood,balsam_fir,0.176,phenols,methyl_hydroxy_benzoates
hardwood,red_maple,2.056,phenols,trimethoxybenzenes
hardwood,northern_red_oak,3.844,phenols,trimethoxybenzenes
hardwood,paper_birch,23.077,phenols,trimethoxybenzenes
softwood,eastern_white_pine,0.169,phenols,trimethoxybenzenes
softwood,eastern_hemlock,0,phenols,trimethoxybenzenes
softwood,balsam_fir,0.395,phenols,trimethoxybenzenes
hardwood,red_maple,5.786,phenols,3_4_5_trimethoxy_benzoic_acid
hardwood,northern_red_oak,3.062,phenols,3_4_5_trimethoxy_benzoic_acid
hardwood,paper_birch,0.279,phenols,3_4_5_trimethoxy_benzoic_acid
softwood,eastern_white_pine,0,phenols,3_4_5_trimethoxy_benzoic_acid
softwood,eastern_hemlock,0.119,phenols,3_4_5_trimethoxy_benzoic_acid
softwood,balsam_fir,1.446,phenols,3_4_5_trimethoxy_benzoic_acid
hardwood,red_maple,0,phenols,benzoic_acid
hardwood,northern_red_oak,0,phenols,benzoic_acid
hardwood,paper_birch,0.464,phenols,benzoic_acid
softwood,eastern_white_pine,0.185,phenols,benzoic_acid
softwood,eastern_hemlock,0,phenols,benzoic_acid
softwood,balsam_fir,0,phenols,benzoic_acid
hardwood,red_maple,0,phenols,phenyl_acetic_acid
hardwood,northern_red_oak,0.055,phenols,phenyl_acetic_acid
hardwood,paper_birch,0.286,phenols,phenyl_acetic_acid
softwood,eastern_white_pine,0.13,phenols,phenyl_acetic_acid
softwood,eastern_hemlock,0,phenols,phenyl_acetic_acid
softwood,balsam_fir,0.077,phenols,phenyl_acetic_acid
hardwood,red_maple,0,phenols,phenyl_propanoicacid
hardwood,northern_red_oak,0,phenols,phenyl_propanoicacid
hardwood,paper_birch,0.102,phenols,phenyl_propanoicacid
softwood,eastern_white_pine,0.237,phenols,phenyl_propanoicacid
softwood,eastern_hemlock,0,phenols,phenyl_propanoicacid
softwood,balsam_fir,0,phenols,phenyl_propanoicacid
hardwood,red_maple,0.024,lignans,shonanin_(2_deoxomatairesinol)
hardwood,northern_red_oak,1.069,lignans,shonanin_(2_deoxomatairesinol)
hardwood,paper_birch,0.015,lignans,shonanin_(2_deoxomatairesinol)
softwood,eastern_white_pine,0.301,lignans,shonanin_(2_deoxomatairesinol)
softwood,eastern_hemlock,1.377,lignans,shonanin_(2_deoxomatairesinol)
softwood,balsam_fir,6.847,lignans,shonanin_(2_deoxomatairesinol)
hardwood,red_maple,0,lignans,methyl_2_deoxo_matairesinol
hardwood,northern_red_oak,0,lignans,methyl_2_deoxo_matairesinol
hardwood,paper_birch,0,lignans,methyl_2_deoxo_matairesinol
softwood,eastern_white_pine,0,lignans,methyl_2_deoxo_matairesinol
softwood,eastern_hemlock,0,lignans,methyl_2_deoxo_matairesinol
softwood,balsam_fir,0.154,lignans,methyl_2_deoxo_matairesinol
hardwood,red_maple,0,lignans,matairesinol
hardwood,northern_red_oak,0.054,lignans,matairesinol
hardwood,paper_birch,0,lignans,matairesinol
softwood,eastern_white_pine,0,lignans,matairesinol
softwood,eastern_hemlock,0.236,lignans,matairesinol
softwood,balsam_fir,0.53,lignans,matairesinol
hardwood,red_maple,0,lignans,conidendrin
hardwood,northern_red_oak,0,lignans,conidendrin
hardwood,paper_birch,0,lignans,conidendrin
softwood,eastern_white_pine,0,lignans,conidendrin
softwood,eastern_hemlock,0.027,lignans,conidendrin
softwood,balsam_fir,0,lignans,conidendrin
hardwood,red_maple,0.2,polyaromatic_hydrocarbons,benz[a]anthracene
hardwood,northern_red_oak,0.088,polyaromatic_hydrocarbons,benz[a]anthracene
hardwood,paper_birch,0.213,polyaromatic_hydrocarbons,benz[a]anthracene
softwood,eastern_white_pine,0.249,polyaromatic_hydrocarbons,benz[a]anthracene
softwood,eastern_hemlock,0.168,polyaromatic_hydrocarbons,benz[a]anthracene
softwood,balsam_fir,0.127,polyaromatic_hydrocarbons,benz[a]anthracene
hardwood,red_maple,0.252,polyaromatic_hydrocarbons,chrysene
hardwood,northern_red_oak,0.107,polyaromatic_hydrocarbons,chrysene
hardwood,paper_birch,0.229,polyaromatic_hydrocarbons,chrysene
softwood,eastern_white_pine,0.246,polyaromatic_hydrocarbons,chrysene
softwood,eastern_hemlock,0.176,polyaromatic_hydrocarbons,chrysene
softwood,balsam_fir,0.141,polyaromatic_hydrocarbons,chrysene
hardwood,red_maple,0.131,polyaromatic_hydrocarbons,benzo[b]fluoranthene
hardwood,northern_red_oak,0.036,polyaromatic_hydrocarbons,benzo[b]fluoranthene
hardwood,paper_birch,0.104,polyaromatic_hydrocarbons,benzo[b]fluoranthene
softwood,eastern_white_pine,0.157,polyaromatic_hydrocarbons,benzo[b]fluoranthene
softwood,eastern_hemlock,0.066,polyaromatic_hydrocarbons,benzo[b]fluoranthene
softwood,balsam_fir,0.05,polyaromatic_hydrocarbons,benzo[b]fluoranthene
hardwood,red_maple,0.132,polyaromatic_hydrocarbons,benzo[k]fluoranthene
hardwood,northern_red_oak,0.048,polyaromatic_hydrocarbons,benzo[k]fluoranthene
hardwood,paper_birch,0.123,polyaromatic_hydrocarbons,benzo[k]fluoranthene
softwood,eastern_white_pine,0.186,polyaromatic_hydrocarbons,benzo[k]fluoranthene
softwood,eastern_hemlock,0.084,polyaromatic_hydrocarbons,benzo[k]fluoranthene
softwood,balsam_fir,0.065,polyaromatic_hydrocarbons,benzo[k]fluoranthene
hardwood,red_maple,0.033,polyaromatic_hydrocarbons,benzo[j]fluoranthene
hardwood,northern_red_oak,0.022,polyaromatic_hydrocarbons,benzo[j]fluoranthene
hardwood,paper_birch,0.042,polyaromatic_hydrocarbons,benzo[j]fluoranthene
softwood,eastern_white_pine,0.075,polyaromatic_hydrocarbons,benzo[j]fluoranthene
softwood,eastern_hemlock,0.038,polyaromatic_hydrocarbons,benzo[j]fluoranthene
softwood,balsam_fir,0.03,polyaromatic_hydrocarbons,benzo[j]fluoranthene
hardwood,red_maple,0.079,polyaromatic_hydrocarbons,benzo[e]pyrene
hardwood,northern_red_oak,0.029,polyaromatic_hydrocarbons,benzo[e]pyrene
hardwood,paper_birch,0.063,polyaromatic_hydrocarbons,benzo[e]pyrene
softwood,eastern_white_pine,0.078,polyaromatic_hydrocarbons,benzo[e]pyrene
softwood,eastern_hemlock,0.044,polyaromatic_hydrocarbons,benzo[e]pyrene
softwood,balsam_fir,0.037,polyaromatic_hydrocarbons,benzo[e]pyrene
hardwood,red_maple,0.124,polyaromatic_hydrocarbons,benzo[a]pyrene
hardwood,northern_red_oak,0.055,polyaromatic_hydrocarbons,benzo[a]pyrene
hardwood,paper_birch,0.127,polyaromatic_hydrocarbons,benzo[a]pyrene
softwood,eastern_white_pine,0.177,polyaromatic_hydrocarbons,benzo[a]pyrene
softwood,eastern_hemlock,0.091,polyaromatic_hydrocarbons,benzo[a]pyrene
softwood,balsam_fir,0.07,polyaromatic_hydrocarbons,benzo[a]pyrene
hardwood,red_maple,0.014,polyaromatic_hydrocarbons,perylene
hardwood,northern_red_oak,0.008,polyaromatic_hydrocarbons,perylene
hardwood,paper_birch,0.013,polyaromatic_hydrocarbons,perylene
softwood,eastern_white_pine,0.024,polyaromatic_hydrocarbons,perylene
softwood,eastern_hemlock,0.01,polyaromatic_hydrocarbons,perylene
softwood,balsam_fir,0.009,polyaromatic_hydrocarbons,perylene
hardwood,red_maple,0.019,polyaromatic_hydrocarbons,indeno[1_2_3_cd]_fluoranthene
hardwood,northern_red_oak,0.01,polyaromatic_hydrocarbons,indeno[1_2_3_cd]_fluoranthene
hardwood,paper_birch,0.022,polyaromatic_hydrocarbons,indeno[1_2_3_cd]_fluoranthene
softwood,eastern_white_pine,0.038,polyaromatic_hydrocarbons,indeno[1_2_3_cd]_fluoranthene
softwood,eastern_hemlock,0.017,polyaromatic_hydrocarbons,indeno[1_2_3_cd]_fluoranthene
softwood,balsam_fir,0.014,polyaromatic_hydrocarbons,indeno[1_2_3_cd]_fluoranthene
hardwood,red_maple,0.164,polyaromatic_hydrocarbons,indeno[1_2_3_cd]_pyrene
hardwood,northern_red_oak,0.039,polyaromatic_hydrocarbons,indeno[1_2_3_cd]_pyrene
hardwood,paper_birch,0.108,polyaromatic_hydrocarbons,indeno[1_2_3_cd]_pyrene
softwood,eastern_white_pine,0.127,polyaromatic_hydrocarbons,indeno[1_2_3_cd]_pyrene
softwood,eastern_hemlock,0.064,polyaromatic_hydrocarbons,indeno[1_2_3_cd]_pyrene
softwood,balsam_fir,0.053,polyaromatic_hydrocarbons,indeno[1_2_3_cd]_pyrene
hardwood,red_maple,0.066,polyaromatic_hydrocarbons,benzo[ghi]perylene
hardwood,northern_red_oak,0.025,polyaromatic_hydrocarbons,benzo[ghi]perylene
hardwood,paper_birch,0.056,polyaromatic_hydrocarbons,benzo[ghi]perylene
softwood,eastern_white_pine,0.07,polyaromatic_hydrocarbons,benzo[ghi]perylene
softwood,eastern_hemlock,0.035,polyaromatic_hydrocarbons,benzo[ghi]perylene
softwood,balsam_fir,0.031,polyaromatic_hydrocarbons,benzo[ghi]perylene
hardwood,red_maple,0.012,polyaromatic_hydrocarbons,anthanthrene
hardwood,northern_red_oak,0.008,polyaromatic_hydrocarbons,anthanthrene
hardwood,paper_birch,0.014,polyaromatic_hydrocarbons,anthanthrene
softwood,eastern_white_pine,0.023,polyaromatic_hydrocarbons,anthanthrene
softwood,eastern_hemlock,0.012,polyaromatic_hydrocarbons,anthanthrene
softwood,balsam_fir,0.011,polyaromatic_hydrocarbons,anthanthrene
hardwood,red_maple,0.006,polyaromatic_hydrocarbons,dibenz[a_h]_anthracene
hardwood,northern_red_oak,0.003,polyaromatic_hydrocarbons,dibenz[a_h]_anthracene
hardwood,paper_birch,0.005,polyaromatic_hydrocarbons,dibenz[a_h]_anthracene
softwood,eastern_white_pine,0.011,polyaromatic_hydrocarbons,dibenz[a_h]_anthracene
softwood,eastern_hemlock,0.004,polyaromatic_hydrocarbons,dibenz[a_h]_anthracene
softwood,balsam_fir,0.005,polyaromatic_hydrocarbons,dibenz[a_h]_anthracene
hardwood,red_maple,0.177,polyaromatic_hydrocarbons,coronene
hardwood,northern_red_oak,0.099,polyaromatic_hydrocarbons,coronene
hardwood,paper_birch,0.156,polyaromatic_hydrocarbons,coronene
softwood,eastern_white_pine,0.219,polyaromatic_hydrocarbons,coronene
softwood,eastern_hemlock,0.076,polyaromatic_hydrocarbons,coronene
softwood,balsam_fir,0.099,polyaromatic_hydrocarbons,coronene
hardwood,red_maple,0,polyaromatic_hydrocarbons,fluorenone
hardwood,northern_red_oak,0.046,polyaromatic_hydrocarbons,fluorenone
hardwood,paper_birch,0.562,polyaromatic_hydrocarbons,fluorenone
softwood,eastern_white_pine,0.409,polyaromatic_hydrocarbons,fluorenone
softwood,eastern_hemlock,0.127,polyaromatic_hydrocarbons,fluorenone
softwood,balsam_fir,0.104,polyaromatic_hydrocarbons,fluorenone
hardwood,red_maple,0.197,polyaromatic_hydrocarbons,1h_phenalen_1_one
hardwood,northern_red_oak,0.287,polyaromatic_hydrocarbons,1h_phenalen_1_one
hardwood,paper_birch,0.357,polyaromatic_hydrocarbons,1h_phenalen_1_one
softwood,eastern_white_pine,0.428,polyaromatic_hydrocarbons,1h_phenalen_1_one
softwood,eastern_hemlock,0.506,polyaromatic_hydrocarbons,1h_phenalen_1_one
softwood,balsam_fir,0.485,polyaromatic_hydrocarbons,1h_phenalen_1_one
hardwood,red_maple,0.117,polyaromatic_hydrocarbons,9_10_anthracenedione
hardwood,northern_red_oak,0.066,polyaromatic_hydrocarbons,9_10_anthracenedione
hardwood,paper_birch,0.156,polyaromatic_hydrocarbons,9_10_anthracenedione
softwood,eastern_white_pine,0.136,polyaromatic_hydrocarbons,9_10_anthracenedione
softwood,eastern_hemlock,0.162,polyaromatic_hydrocarbons,9_10_anthracenedione
softwood,balsam_fir,0.145,polyaromatic_hydrocarbons,9_10_anthracenedione
hardwood,red_maple,0,polyaromatic_hydrocarbons,xanthone
hardwood,northern_red_oak,0.04,polyaromatic_hydrocarbons,xanthone
hardwood,paper_birch,0.057,polyaromatic_hydrocarbons,xanthone
softwood,eastern_white_pine,0.028,polyaromatic_hydrocarbons,xanthone
softwood,eastern_hemlock,0.072,polyaromatic_hydrocarbons,xanthone
softwood,balsam_fir,0.059,polyaromatic_hydrocarbons,xanthone
hardwood,red_maple,0.086,polyaromatic_hydrocarbons,benzanthrone
hardwood,northern_red_oak,0.107,polyaromatic_hydrocarbons,benzanthrone
hardwood,paper_birch,0.149,polyaromatic_hydrocarbons,benzanthrone
softwood,eastern_white_pine,0.25,polyaromatic_hydrocarbons,benzanthrone
softwood,eastern_hemlock,0.134,polyaromatic_hydrocarbons,benzanthrone
softwood,balsam_fir,0.157,polyaromatic_hydrocarbons,benzanthrone
hardwood,red_maple,3.286,sugar_derivatives,mannosan
hardwood,northern_red_oak,4.745,sugar_derivatives,mannosan
hardwood,paper_birch,1.313,sugar_derivatives,mannosan
softwood,eastern_white_pine,9.008,sugar_derivatives,mannosan
softwood,eastern_hemlock,25.571,sugar_derivatives,mannosan
softwood,balsam_fir,17.398,sugar_derivatives,mannosan
hardwood,red_maple,108.509,sugar_derivatives,levoglucosan
hardwood,northern_red_oak,168.254,sugar_derivatives,levoglucosan
hardwood,paper_birch,109.539,sugar_derivatives,levoglucosan
softwood,eastern_white_pine,52.33,sugar_derivatives,levoglucosan
softwood,eastern_hemlock,95.45,sugar_derivatives,levoglucosan
softwood,balsam_fir,81.445,sugar_derivatives,levoglucosan
hardwood,red_maple,0,sugar_derivatives,monomethylinositol
hardwood,northern_red_oak,0.226,sugar_derivatives,monomethylinositol
hardwood,paper_birch,0,sugar_derivatives,monomethylinositol
softwood,eastern_white_pine,0.496,sugar_derivatives,monomethylinositol
softwood,eastern_hemlock,16.758,sugar_derivatives,monomethylinositol
softwood,balsam_fir,4.939,sugar_derivatives,monomethylinositol
hardwood,red_maple,0.189,furans,tetramethoxyisoflavone
hardwood,northern_red_oak,1.099,furans,tetramethoxyisoflavone
hardwood,paper_birch,0,furans,tetramethoxyisoflavone
softwood,eastern_white_pine,0,furans,tetramethoxyisoflavone
softwood,eastern_hemlock,0,furans,tetramethoxyisoflavone
softwood,balsam_fir,0.022,furans,tetramethoxyisoflavone
hardwood,red_maple,0.156,furans,dibenzofuranols
hardwood,northern_red_oak,0.215,furans,dibenzofuranols
hardwood,paper_birch,0.174,furans,dibenzofuranols
softwood,eastern_white_pine,0.149,furans,dibenzofuranols
softwood,eastern_hemlock,0.287,furans,dibenzofuranols
softwood,balsam_fir,0.33,furans,dibenzofuranols
hardwood,red_maple,0,furans,benzonaphtho
hardwood,northern_red_oak,0.163,furans,benzonaphtho
hardwood,paper_birch,0.252,furans,benzonaphtho
softwood,eastern_white_pine,0.347,furans,benzonaphtho
softwood,eastern_hemlock,0.321,furans,benzonaphtho
softwood,balsam_fir,0.28,furans,benzonaphtho
hardwood,red_maple,0,resin_acids,levopimaric_acid
hardwood,northern_red_oak,0,resin_acids,levopimaric_acid
hardwood,paper_birch,0,resin_acids,levopimaric_acid
softwood,eastern_white_pine,1.043,resin_acids,levopimaric_acid
softwood,eastern_hemlock,0.063,resin_acids,levopimaric_acid
softwood,balsam_fir,0.77,resin_acids,levopimaric_acid
hardwood,red_maple,0,resin_acids,abietic_acid
hardwood,northern_red_oak,0,resin_acids,abietic_acid
hardwood,paper_birch,0,resin_acids,abietic_acid
softwood,eastern_white_pine,20.481,resin_acids,abietic_acid
softwood,eastern_hemlock,1.983,resin_acids,abietic_acid
softwood,balsam_fir,19.558,resin_acids,abietic_acid
hardwood,red_maple,0,resin_acids,7_oxodehydroabietic_acid
hardwood,northern_red_oak,0,resin_acids,7_oxodehydroabietic_acid
hardwood,paper_birch,0,resin_acids,7_oxodehydroabietic_acid
softwood,eastern_white_pine,0.251,resin_acids,7_oxodehydroabietic_acid
softwood,eastern_hemlock,0.051,resin_acids,7_oxodehydroabietic_acid
softwood,balsam_fir,0.012,resin_acids,7_oxodehydroabietic_acid
hardwood,red_maple,0,resin_acids,abieta_6_8_11_13_tetraen_18_oic_acid
hardwood,northern_red_oak,0,resin_acids,abieta_6_8_11_13_tetraen_18_oic_acid
hardwood,paper_birch,0,resin_acids,abieta_6_8_11_13_tetraen_18_oic_acid
softwood,eastern_white_pine,1.988,resin_acids,abieta_6_8_11_13_tetraen_18_oic_acid
softwood,eastern_hemlock,0.425,resin_acids,abieta_6_8_11_13_tetraen_18_oic_acid
softwood,balsam_fir,0.943,resin_acids,abieta_6_8_11_13_tetraen_18_oic_acid
hardwood,red_maple,0,resin_acids,abieta_8_11_13_15_tetraen_18_oic_acid
hardwood,northern_red_oak,0,resin_acids,abieta_8_11_13_15_tetraen_18_oic_acid
hardwood,paper_birch,0,resin_acids,abieta_8_11_13_15_tetraen_18_oic_acid
softwood,eastern_white_pine,0.52,resin_acids,abieta_8_11_13_15_tetraen_18_oic_acid
softwood,eastern_hemlock,0.058,resin_acids,abieta_8_11_13_15_tetraen_18_oic_acid
softwood,balsam_fir,0.204,resin_acids,abieta_8_11_13_15_tetraen_18_oic_acid
hardwood,red_maple,0,resin_acids,abieta_6_8_11_13_15_pentaen_18_oic_acid
hardwood,northern_red_oak,0,resin_acids,abieta_6_8_11_13_15_pentaen_18_oic_acid
hardwood,paper_birch,0,resin_acids,abieta_6_8_11_13_15_pentaen_18_oic_acid
softwood,eastern_white_pine,0.249,resin_acids,abieta_6_8_11_13_15_pentaen_18_oic_acid
softwood,eastern_hemlock,0.035,resin_acids,abieta_6_8_11_13_15_pentaen_18_oic_acid
softwood,balsam_fir,0.198,resin_acids,abieta_6_8_11_13_15_pentaen_18_oic_acid
hardwood,red_maple,0,resin_acids,neoabietic_acid
hardwood,northern_red_oak,0,resin_acids,neoabietic_acid
hardwood,paper_birch,0,resin_acids,neoabietic_acid
softwood,eastern_white_pine,0.415,resin_acids,neoabietic_acid
softwood,eastern_hemlock,0,resin_acids,neoabietic_acid
softwood,balsam_fir,0.132,resin_acids,neoabietic_acid
hardwood,red_maple,0,resin_acids,7_oxoabieta_8_11_13_15_tetraen_18_oic_acid
hardwood,northern_red_oak,0,resin_acids,7_oxoabieta_8_11_13_15_tetraen_18_oic_acid
hardwood,paper_birch,0,resin_acids,7_oxoabieta_8_11_13_15_tetraen_18_oic_acid
softwood,eastern_white_pine,0.017,resin_acids,7_oxoabieta_8_11_13_15_tetraen_18_oic_acid
softwood,eastern_hemlock,0.005,resin_acids,7_oxoabieta_8_11_13_15_tetraen_18_oic_acid
softwood,balsam_fir,0.025,resin_acids,7_oxoabieta_8_11_13_15_tetraen_18_oic_acid
hardwood,red_maple,0,diterpenoids,methyl_16_17_bisnorde_hydroabietate
hardwood,northern_red_oak,0,diterpenoids,methyl_16_17_bisnorde_hydroabietate
hardwood,paper_birch,0,diterpenoids,methyl_16_17_bisnorde_hydroabietate
softwood,eastern_white_pine,0.073,diterpenoids,methyl_16_17_bisnorde_hydroabietate
softwood,eastern_hemlock,0.016,diterpenoids,methyl_16_17_bisnorde_hydroabietate
softwood,balsam_fir,0.006,diterpenoids,methyl_16_17_bisnorde_hydroabietate
hardwood,red_maple,0,diterpenoids,dehydroabietal
hardwood,northern_red_oak,0,diterpenoids,dehydroabietal
hardwood,paper_birch,0,diterpenoids,dehydroabietal
softwood,eastern_white_pine,0.075,diterpenoids,dehydroabietal
softwood,eastern_hemlock,0.045,diterpenoids,dehydroabietal
softwood,balsam_fir,0.022,diterpenoids,dehydroabietal
hardwood,red_maple,0,diterpenoids,methyl_6_8_11_13_abietatetraen_18_oate
hardwood,northern_red_oak,0,diterpenoids,methyl_6_8_11_13_abietatetraen_18_oate
hardwood,paper_birch,0,diterpenoids,methyl_6_8_11_13_abietatetraen_18_oate
softwood,eastern_white_pine,0.326,diterpenoids,methyl_6_8_11_13_abietatetraen_18_oate
softwood,eastern_hemlock,0.115,diterpenoids,methyl_6_8_11_13_abietatetraen_18_oate
softwood,balsam_fir,0.081,diterpenoids,methyl_6_8_11_13_abietatetraen_18_oate
hardwood,red_maple,0,diterpenoids,methyl_8_11_13_15_abietatetraen_18_oate
hardwood,northern_red_oak,0,diterpenoids,methyl_8_11_13_15_abietatetraen_18_oate
hardwood,paper_birch,0,diterpenoids,methyl_8_11_13_15_abietatetraen_18_oate
softwood,eastern_white_pine,0.118,diterpenoids,methyl_8_11_13_15_abietatetraen_18_oate
softwood,eastern_hemlock,0.012,diterpenoids,methyl_8_11_13_15_abietatetraen_18_oate
softwood,balsam_fir,0.021,diterpenoids,methyl_8_11_13_15_abietatetraen_18_oate
hardwood,red_maple,0,diterpenoids,methyl_dehydro_abietate
hardwood,northern_red_oak,0,diterpenoids,methyl_dehydro_abietate
hardwood,paper_birch,0,diterpenoids,methyl_dehydro_abietate
softwood,eastern_white_pine,1.183,diterpenoids,methyl_dehydro_abietate
softwood,eastern_hemlock,0.342,diterpenoids,methyl_dehydro_abietate
softwood,balsam_fir,0.173,diterpenoids,methyl_dehydro_abietate
hardwood,red_maple,0,diterpenoids,methyl_abietate
hardwood,northern_red_oak,0,diterpenoids,methyl_abietate
hardwood,paper_birch,0,diterpenoids,methyl_abietate
softwood,eastern_white_pine,0.625,diterpenoids,methyl_abietate
softwood,eastern_hemlock,0,diterpenoids,methyl_abietate
softwood,balsam_fir,0,diterpenoids,methyl_abietate
hardwood,red_maple,0,diterpenoids,methyl_7_oxo_dehydro_abietate
hardwood,northern_red_oak,0,diterpenoids,methyl_7_oxo_dehydro_abietate
hardwood,paper_birch,0,diterpenoids,methyl_7_oxo_dehydro_abietate
softwood,eastern_white_pine,0.104,diterpenoids,methyl_7_oxo_dehydro_abietate
softwood,eastern_hemlock,0.009,diterpenoids,methyl_7_oxo_dehydro_abietate
softwood,balsam_fir,0.043,diterpenoids,methyl_7_oxo_dehydro_abietate
hardwood,red_maple,0,diterpenoids,manoyl_oxide
hardwood,northern_red_oak,0,diterpenoids,manoyl_oxide
hardwood,paper_birch,0,diterpenoids,manoyl_oxide
softwood,eastern_white_pine,0.229,diterpenoids,manoyl_oxide
softwood,eastern_hemlock,0.039,diterpenoids,manoyl_oxide
softwood,balsam_fir,0.362,diterpenoids,manoyl_oxide
hardwood,red_maple,0,diterpenoids,manool
hardwood,northern_red_oak,0,diterpenoids,manool
hardwood,paper_birch,0,diterpenoids,manool
softwood,eastern_white_pine,0,diterpenoids,manool
softwood,eastern_hemlock,0,diterpenoids,manool
softwood,balsam_fir,5.418,diterpenoids,manool
hardwood,red_maple,0,diterpenoids,juvabione
hardwood,northern_red_oak,0,diterpenoids,juvabione
hardwood,paper_birch,0,diterpenoids,juvabione
softwood,eastern_white_pine,0,diterpenoids,juvabione
softwood,eastern_hemlock,0,diterpenoids,juvabione
softwood,balsam_fir,15.434,diterpenoids,juvabione
hardwood,red_maple,0,diterpenoids,todomatuic_acid_(norjuvabione)
hardwood,northern_red_oak,0,diterpenoids,todomatuic_acid_(norjuvabione)
hardwood,paper_birch,0,diterpenoids,todomatuic_acid_(norjuvabione)
softwood,eastern_white_pine,0,diterpenoids,todomatuic_acid_(norjuvabione)
softwood,eastern_hemlock,0,diterpenoids,todomatuic_acid_(norjuvabione)
softwood,balsam_fir,0.454,diterpenoids,todomatuic_acid_(norjuvabione)
hardwood,red_maple,0,diterpenoids,dehydrojuvabione
hardwood,northern_red_oak,0,diterpenoids,dehydrojuvabione
hardwood,paper_birch,0,diterpenoids,dehydrojuvabione
softwood,eastern_white_pine,0,diterpenoids,dehydrojuvabione
softwood,eastern_hemlock,0,diterpenoids,dehydrojuvabione
softwood,balsam_fir,8.133,diterpenoids,dehydrojuvabione
hardwood,red_maple,0,phytosteroids,stigmasta_4_6_dien_3_one
hardwood,northern_red_oak,0.258,phytosteroids,stigmasta_4_6_dien_3_one
hardwood,paper_birch,0,phytosteroids,stigmasta_4_6_dien_3_one
softwood,eastern_white_pine,0.028,phytosteroids,stigmasta_4_6_dien_3_one
softwood,eastern_hemlock,0.037,phytosteroids,stigmasta_4_6_dien_3_one
softwood,balsam_fir,0.12,phytosteroids,stigmasta_4_6_dien_3_one
hardwood,red_maple,0.111,phytosteroids,stigmastan_3_ol
hardwood,northern_red_oak,0.243,phytosteroids,stigmastan_3_ol
hardwood,paper_birch,0,phytosteroids,stigmastan_3_ol
softwood,eastern_white_pine,0,phytosteroids,stigmastan_3_ol
softwood,eastern_hemlock,0.209,phytosteroids,stigmastan_3_ol
softwood,balsam_fir,0.447,phytosteroids,stigmastan_3_ol
hardwood,red_maple,0.065,phytosteroids,stigmastan_3_one
hardwood,northern_red_oak,0.124,phytosteroids,stigmastan_3_one
hardwood,paper_birch,0.062,phytosteroids,stigmastan_3_one
softwood,eastern_white_pine,0.012,phytosteroids,stigmastan_3_one
softwood,eastern_hemlock,0.058,phytosteroids,stigmastan_3_one
softwood,balsam_fir,0.124,phytosteroids,stigmastan_3_one
hardwood,red_maple,0,triterpenoids,a_amyrone
hardwood,northern_red_oak,0.006,triterpenoids,a_amyrone
hardwood,paper_birch,0.051,triterpenoids,a_amyrone
softwood,eastern_white_pine,0,triterpenoids,a_amyrone
softwood,eastern_hemlock,0,triterpenoids,a_amyrone
softwood,balsam_fir,0,triterpenoids,a_amyrone
hardwood,red_maple,0,triterpenoids,a_amyrin
hardwood,northern_red_oak,0.019,triterpenoids,a_amyrin
hardwood,paper_birch,0.035,triterpenoids,a_amyrin
softwood,eastern_white_pine,0,triterpenoids,a_amyrin
softwood,eastern_hemlock,0,triterpenoids,a_amyrin
softwood,balsam_fir,0,triterpenoids,a_amyrin
hardwood,red_maple,0,triterpenoids,amyrone
hardwood,northern_red_oak,0.014,triterpenoids,amyrone
hardwood,paper_birch,0.037,triterpenoids,amyrone
softwood,eastern_white_pine,0,triterpenoids,amyrone
softwood,eastern_hemlock,0,triterpenoids,amyrone
softwood,balsam_fir,0,triterpenoids,amyrone
hardwood,red_maple,0,triterpenoids,amyrin
hardwood,northern_red_oak,0.01,triterpenoids,amyrin
hardwood,paper_birch,0.019,triterpenoids,amyrin
softwood,eastern_white_pine,0,triterpenoids,amyrin
softwood,eastern_hemlock,0,triterpenoids,amyrin
softwood,balsam_fir,0,triterpenoids,amyrin
hardwood,red_maple,0,tocopherols,a_tocopherol
hardwood,northern_red_oak,0.026,tocopherols,a_tocopherol
hardwood,paper_birch,0,tocopherols,a_tocopherol
softwood,eastern_white_pine,0,tocopherols,a_tocopherol
softwood,eastern_hemlock,0,tocopherols,a_tocopherol
softwood,balsam_fir,0,tocopherols,a_tocopherol