atomic_number,element_name,atomic_symbol,group_number,period,atomic_mass_rounded,melting_point_C,boiling_point_C,state_at_RT,density_g_per_mL,electronegativity_pauling,first_ionization_poten_eV,second_ionization_poten_eV,third_ionization_poten_eV,electron_affinity_eV,atomic_radius_ang,ionic_radius_ang,covalent_radius_ang,atomic_volume_cm3_per_mol,crystal_structure,electrical_conductivity_mho_per_cm,specific_heat_J_per_g_K,heat_of_fusion_kJ_per_mol,heat_of_vaporization_kJ_per_mol,thermal_conductivity_W_per_m_K,mg_per_kg_in_Earths_crust,mg_per_L_in_seawater,percent_human_body_mass,Notes,color,structure,hardness_mohs,hydride,oxide,chloride,polarizability_A_cubed,heat_atomization_kJ_per_mol,year_discovered,rel_abund_solar_system_log,abundance_earths_crust_log,cost_pure_dollar_per_100g
1,hydrogen,H,1,1,1.008,-259.1,-252.9,g,0.0000699,2.2,13.5984, ,,0.75,0.79,1.54,0.32,14.4,hexagonal,,14.304,0.05868,0.44936,0.1815,1400,108000,10,,colorless,hcp: hexagonal close pkd,,H2,H2O,HCl,0.7,218,1766,10.446,3.1,12
2,helium,He,18,1,4.003,-272.2,-268.9,g,0.000179,,24.5874,54.416,,,0.49,,0.93,19.5,hexagonal,,5.193,,0.0845,0.152,0.008,7.00E-16,,,colorless,,,none,none,none,0.198,0,1895,9.435,-2.1,5.2
3,lithium,Li,1,2,6.968,180.5,1342,s,0.543,0.98,5.3917,76.638,122.451,0.62,2.05,0.76,1.23,13.1,cubic: body centered,0.108,3.6,3,145.92,84.7,20,0.18,,,silvery,bcc: body-centered cubic,0.6,LiH,Li2O,LiCl,24.3,161,1817,1.757,1.3,27
4,beryllium,Be,2,2,9.012,1278,2970,s,1.85,1.57,9.3226,18.211,153.893,,1.4,0.45,0.9,5,hexagonal,0.313,1.82,12.2,292.4,200,2.8,0.0000056,,,steel gray,hcp: hexagonal close pkd,,BeH2,BeO,BeCl2,5.6,324,1797,-0.137,0.4,530
5,boron,B,13,2,10.81,2079,2550,s,2.34,2.04,8.298,25.154,37.93,0.28,1.17,0.23,0.82,4.6,rhombohedral,1.00E-12,1.02,50.2,489.7,27,10,4.44,0.00007,sublimes,black,special: B12 icosahedra,9.5,B2H6 and many BxHy,B2O3,BCl3 and many BxCly,3,573,1808,1.326,1,250
6,carbon,C,14,2,12.01,3367,4827,s,2.25,2.55,11.2603,24.383,47.887,1.26,0.91,0.16,0.77,4.58,hexagonal,0.00061,0.71,,355.8,129,200,28,23,graphite,black,hexagonal layers,0.8,CH4 and many CxHy,CO CO2,CCl4,1.8,717,,7.004,2.3,2.4
7,nitrogen,N,15,2,14.01,-209.9,-195.8,g,0.00125,3.04,14.5341,29.601,47.448,,0.75,1.71,0.75,17.3,hexagonal,,1.04,0.3604,2.7928,0.02598,19,50,2.6,,colorless,,,NH3 N2H4 HN3,N2O NO NO2 N2O5,NCl3,1.1,473,1772,6.496,1.3,0.4
8,oxygen,O,16,2,16,-218.4,-183,g,0.00143,3.44,13.6181,35.117,54.934,1.46,0.65,1.4,0.73,14,cubic,,0.92,0.22259,3.4099,0.02674,461000,857000,61,,colorless,,,H2O,O2 O3,Cl2O ClO2 Cl2O7,0.793,249,1774,7.377,5.7,0.3
9,fluorine,F,17,2,19,-219.8,-188.1,g,0.0017,3.98,17.4228,34.97,62.707,3.4,0.57,1.33,0.72,12.6,cubic,,0.82,0.2552,3.2698,0.0279,585,1.3,0.0033,,colorless,layers of F2,,HF,OF2,ClF ClF3 ClF5,0.634,79,1886,2.926,2.8,190
10,neon,Ne,18,2,20.18,-248,-248.7,g,0.0009,,21.5645,40.962,63.45,,0.51,,0.71,17.3,cubic: face centered,,0.904,0.3317,1.7326,0.0493,0.005,0.00012,,,colorless,fcc: face-centered cubic,,none,none,none,0.396,0,1898,6.537,-2.3,33
11,sodium,Na,1,3,22.99,97.8,883,s,0.971,0.93,5.1391,47.286,71.641,0.55,2.23,1.02,1.54,23.7,cubic: body centered,0.21,1.23,2.598,96.96,141,0.000236,10800,0.14,,silvery,bcc: body-centered cubic,0.4,NaH,Na2O,NaCl,23.6,109,1807,4.759,4.4,7
12,magnesium,Mg,2,3,24.31,649,1090,s,1.74,1.31,7.6462,15.035,80.143,,1.72,0.72,1.36,13.97,hexagonal,0.226,1.02,8.954,127.4,156,23300,1290,0.027,,silvery,hcp: hexagonal close pkd,2,MgH2,MgO,MgCl2,10.6,148,1808,6.031,4.4,3.7
13,aluminum,Al,13,3,26.98,660,2467,s,2.7,1.61,5.9858,18.828,28.447,0.44,1.82,0.54,1.18,10,cubic: face centered,0.377,0.9,10.79,293.4,237,82300,0.002,0.00009,,silvery,fcc: face-centered cubic,2.8,AlH3,Al2O3,AlCl3Al2Cl6,8.3,326,1825,4.929,4.9,1.8
14,silicon,Si,14,3,28.09,1410,2355,s,2.33,1.9,8.1517,16.345,33.492,1.39,1.46,0.26,1.11,12.1,cubic: face centered,2.52E-12,0.71,50.55,384.22,148,282000,2.2,0.026,,gray-black,diamond ,7,SiH4 Si2H6 + more,SiO2,SiCl4 Si2Cl6 + more,5.4,452,1824,6,5.5,5.4
15,phosphorus,P,15,3,30.97,44.1,280,s,1.82,2.19,10.4867,19.725,30.18,0.75,1.23,0.17,1.06,17,monoclinic,1.00E-17,0.77,0.657,12.129,0.235,1050,0.06,1.1,white,white-yellow,special: P4 tetrahedra,0.5,PH3 P2H4 + more,P4O10 P4O6,PCl3 PCl5 P2Cl4,3.6,315,1669,4.017,3,4
16,sulfur,S,16,3,32.07,112.8,444.7,s,2.07,2.58,10.36,23.33,34.83,2.08,1.09,0.29,1.02,15.5,orthorhombic,5.00E-24,0.71,1.7175,,0.269,350,905,0.2,yellow,yellow(pale),S8 rings,2,H2S,SO2 SO3,S2Cl2 SCl2,2.9,279,,5.712,2.4,24
17,chlorine,Cl,17,3,35.45,-101,-34.6,g,0.00321,3.16,12.9676,23.81,39.611,3.61,0.97,1.81,0.99,16.9,orthorhombic,,0.48,3.23,10.2,0.0089,145,19400,0.12,,greenish-yellow,layers of Cl2,,HCl,Cl2O ClO2 Cl2O7,Cl2,2.2,121,1774,3.719,2.1,0.15
18,argon,Ar,18,3,39.95,-189.2,-185.7,g,0.00178,,15.7596,27.629,40.74,,0.88,,0.98,23.9,cubic: face centered,,0.52,1.188,6.447,0.01772,3.5,0.45,,,colorless,fcc: face-centered cubic,,none,none,none,1.586,0,1894,5.004,0.5,0.5
19,potassium,K,1,4,39.1,63.25,760,s,0.86,0.82,4.3407,31.625,45.72,0.5,2.77,1.51,2.03,45.46,cubic: body centered,0.139,0.75,2.334,79.87,102.4,20900,399,0.2,,silvery-white,bcc: body-centered cubic,0.5,KH,K2O,KCl,43.4,90,1807,3.576,4.3,85
20,calcium,Ca,2,4,40.08,839,1484,s,1.55,1,6.1132,11.871,50.908,0.04,2.23,1,1.74,25.9,cubic: face centered,0.298,0.63,8.54,153.3,200,41500,412,1.4,,silvery-white,hcp: hexagonal close pkd,1.5,CaH2,CaO,CaCl2,22.8,178,1808,4.786,4.65,11
21,scandium,Sc,3,4,44.96,1541,2832,s,2.99,1.36,6.5614,12.8,24.76,0.19,2.09,0.75,1.44,15,hexagonal,0.0177,0.6,14.1,314.2,15.8,22,0.0000006,,,silvery-white,hcp: hexagonal close pkd,,ScH2 ScH3,Sc2O3,ScCl3,17.8,378,1879,1.534,1.3,1400
22,titanium,Ti,4,4,47.87,1660,3287,s,4.54,1.54,6.8282,13.58,27.491,0.08,2,0.61,1.32,10.64,hexagonal,0.0234,0.52,15.45,421,21.9,5650,0.001,,,gray,hcp: hexagonal close pkd,,TiH2,TiO Ti2O3 TiO2 + more,TiCl2 TiCl3 TiCl4,14.6,470,1791,3.38,3.8,6.1
23,vanadium,V,5,4,50.94,1890,3380,s,6.11,1.63,6.7463,14.65,29.31,0.53,1.92,0.54,1.22,8.78,cubic: body centered,0.0489,0.49,20.9,0.452,30.7,120,0.0025,,,bright white,bcc: body-centered cubic,,VH VH2,VO V2O3 VO2 V2O5,VCl2 VCl3 VCl4,12.4,514,1830,2.467,2.1,220
24,chromium,Cr,6,4,52,1857,2672,s,7.19,1.66,6.7666,16.5,30.96,0.67,1.85,0.62,1.18,7.23,cubic: body centered,0.0774,0.45,16.9,344.3,93.7,102,0.0003,0.000003,,silvery-white,bcc: body-centered cubic,9,CrH,Cr2O3 CrO2 CrO3+non-stoich,CrCl2 CrCl3,11.6,397,1798,4.13,2,10
25,manganese,Mn,7,4,54.94,1244,1962,s,7.43,1.55,7.434,15.64,33.667,,1.79,0.67,1.17,7.39,cubic: body centered,0.00695,0.48,12.05,266,7.82,950,0.0002,0.00002,,gray-white,special:complex (cubic),5,none,MnO Mn3O4 Mn2O3 MnO2 Mn2O7,MnCl2,9.4,281,1774,3.98,3,1.7
26,iron,Fe,8,4,55.85,1535,2750,s,7.86,1.83,7.9024,16.18,30.651,0.15,1.72,0.55,1.17,7.1,cubic: body centered,0.0993,0.44,13.8,349.6,80.2,56300,0.002,0.006,,gray,bcc: body-centered cubic,4.5,none,FeO Fe3O4 Fe2O3,FeCl2 FeCl3,8.4,418,,5.954,4.8,6.7
27,cobalt,Co,9,4,58.93,1495,2870,s,8.9,1.88,7.881,17.06,33.5,0.66,1.67,0.65,1.16,6.7,hexagonal,0.172,0.42,16.19,376.5,100,25,0.00002,0.000002,,bluish-white,hcp: hexagonal close pkd,,none,CoO Co3O4,CoCl2,7.5,425,1737,3.352,1.4,21
28,nickel,Ni,10,4,58.69,1453,2730,s,8.9,1.91,7.6398,18.168,35.17,1.16,1.62,0.69,1.15,6.59,cubic: face centered,0.143,0.44,17.47,370.4,90.7,84,5.60E-14,0.00001,,silvery-white,fcc: face-centered cubic,,NiH,NiO,NiCl2,6.8,430,1751,4.693,1.9,7.7
29,copper,Cu,11,4,63.55,1083,2567,s,8.96,1.9,7.7264,20.292,36.83,1.24,1.57,0.73,1.17,7.1,cubic: face centered,0.596,0.38,13.05,300.3,401,60,2.50E-14,0.0001,,orange-red,fcc: face-centered cubic,2.75,CuH,Cu2O CuO,CuCl CuCl2,6.7,338,,2.718,1.7,2.7
30,zinc,Zn,12,4,65.38,419.6,906,s,7.13,1.65,9.3941,17.964,39.722,,1.53,0.74,1.25,9.2,hexagonal,0.166,0.39,7.322,115.3,116,70,0.0049,0.0033,,silvery,distorted hcp structure,2.5,ZnH2,ZnO,ZnCl2,6.4,131,1600,3.1,1.79,3.7
31,gallium,Ga,13,4,69.72,29.8,2403,s,5.9,1.81,5.9993,20.51,30.71,0.3,1.81,0.62,1.26,11.8,orthorhombic,0.0678,0.37,5.59,258.7,40.6,19,0.00003,,,silvery-blue,special: complex,1.5,GaH3,Ga2O3,GaCl Ga2Cl6,8.1,286,1875,1.577,1.2,220
32,germanium,Ge,14,4,72.63,947.4,2830,s,5.32,2.01,7.9,15.934,34.22,1.23,1.52,0.53,1.22,13.6,cubic: face centered,1.45E-08,0.32,36.94,330.9,59.9,1.5,0.00005,,,gray-black,diamond,,GeH4 Ge2H6 + more,GeO GeO2,GeCl2 GeCl4,6.1,377,1886,2.076,0.7,360
33,arsenic,As,15,4,74.92,817,617,s,5.73,2.18,9.8152,18.633,28.351,0.81,1.33,0.58,1.2,13.1,rhombohedral,0.0345,0.33,,34.76,50,1.8,0.0037,,sublimes (28 atm) ,gray,rhombohedral,3.5,AsH3,As2O3,AsCl3 AsCl5,4.3,302,1600,0.817,0.3,320
34,selenium,Se,16,4,78.97,217,685,s,4.79,2.55,9.7524,21.19,30.82,2.02,1.22,0.5,1.16,16.45,hexagonal,1.00E-12,0.32,6.694,37.7,2.04,0.05,0.0002,,,black,parallel chains,2,SeH2,SeO2 SeO3,Se2Cl2 Se4Cl16,3.8,227,1818,1.793,-1.3,14
35,bromine,Br,17,4,79.9,-7.2,58.8,l,3.12,2.96,11.8138,21.8,36,3.36,1.12,1.96,1.14,25.6,orthorhombic,,0.473,5.286,15.438,0.122,2.4,67.3,0.00029,,red-brown,layers of Br2 ,,HBr,Br2O BrO2,BrCl,3.1,112,1826,1.072,0.4,4.9
36,krypton,Kr,18,4,83.8,-157,-152,g,0.00374,3,13.9996,24.359,36.95,,1.03,,1.12,38.9,cubic: face centered,,0.248,1.638,9.029,0.00949,0.0001,0.00021,,,colorless,fcc: face-centered cubic,,none,none,none,2.5,0,1898,1.653,-4,33
37,rubidium,Rb,1,5,85.47,38.9,686,s,1.53,0.82,4.1771,27.28,40,0.49,2.98,1.61,2.16,55.9,cubic: body centered,0.0779,0.363,2.192,72.216,58.2,90,0.12,0.00046,,silvery-white,bcc: body-centered cubic,0.3,RbH,Rb2O,RbCl,47.3,86,1861,0.851,2,1200
38,strontium,Sr,2,5,87.62,769,1384,s,2.54,0.95,5.6948,11.03,43.6,0.11,2.45,1.26,1.91,33.7,cubic: face centered,0.0762,0.3,8.3,144,35.3,370,7.2,0.00046,,silvery,hcp: hexagonal close pkd,1.8,SrH2,SrO,SrCl2,27.6,164,1808,1.371,2.6,100
39,yttrium,Y,3,5,88.91,1523,3337,s,4.47,1.22,6.217,12.24,20.52,0.31,2.27,1.02,1.62,19.8,hexagonal,0.0166,0.3,11.4,363,17.2,33,0.000013,,,silvery,hcp: hexagonal close pkd,,YH2 YH3,Y2O3,YCl3,22.7,423,1794,0.667,1.51,220
40,zirconium,Zr,4,5,91.22,1852,4377,s,6.51,1.33,6.6339,13.13,22.99,0.43,2.16,0.84,1.45,14.1,hexagonal,0.0236,0.27,16.9,58.2,22.7,165,0.00003,,,grayish-white,hcp: hexagonal close pkd,,ZrH2,ZrO2,ZrCl3 ZrCl4,17.9,609,1789,1.057,2.24,16
41,niobium,Nb,5,5,92.91,2468,4742,s,8.57,1.6,6.7589,14.32,25.04,0.9,2.08,0.64,1.67,10.87,cubic: body centered,0.0693,0.26,26.4,682,53.7,20,0.00001,,,silvery-white,bcc: body-centered cubic,,NbH NbH2,NbO NbO2 Nb2O5,NbCl3 NbCl4 NbCl5,15.7,726,1801,-0.156,1.3,18
42,molybdenum,Mo,6,5,95.95,2617,4612,s,10.2,2.16,7.0924,16.461,27.16,0.75,2.01,0.59,1.3,9.4,cubic: body centered,0.187,0.25,32,598,138,1.2,0.01,0.00001,,silvery-white,bcc: body-centered cubic,,none,MoO2 MoO3,MoClx [x=2-6],12.8,658,1781,0.407,0.2,11
43,technetium,Tc,7,5,98,2172,4877,s,11.5,1.9,7.28,15.26,29.54,0.55,1.95,,1.27,8.5,hexagonal,0.067,0.21,24,660,50.6,,,,,silvery gray,hcp: hexagonal close pkd,,none,TcO2 Tc2O7,TcCl4,11.4,677,1939,,,
44,ruthenium,Ru,8,5,101.1,2310,3900,s,12.4,2.2,7.3605,16.76,28.47,1.05,1.89,0.62,1.25,8.3,hexagonal,0.137,0.238,24,595,117,0.001,0.0000007,,,silvery-white,hcp: hexagonal close pkd,6.5,none,RuO2 RuO4,RuCl2 RuCl3,9.6,643,1844,0.27,-3,1400
45,rhodium,Rh,9,5,102.9,1966,3727,s,12.4,2.28,7.4589,18.08,31.06,1.14,1.83,0.67,1.25,8.3,cubic: face centered,0.211,0.242,21.5,493,150,0.001,,,,silvery-white,fcc: face-centered cubic,,none,Rh2O3 RhO2,RhCl3,8.6,556,1803,-0.463,-3,13000
46,palladium,Pd,10,5,106.4,1554,3140,s,12,2.2,8.3369,19.63,32.93,0.56,1.79,0.64,1.28,8.9,cubic: face centered,0.095,0.24,17.6,357,71.8,0.015,,,,silvery-white,fcc: face-centered cubic,4.8,PdHx x<1 non-stoich,PdO,PdCl2,4.8,378,1803,0.143,-2,15
47,silver,Ag,11,5,107.9,962,2212,s,10.5,1.93,7.5762,21.49,34.83,1.3,1.75,1.15,1.34,10.3,cubic: face centered,0.63,0.235,11.3,250.58,429,0.075,0.00004,,,silvery,fcc: face-centered cubic,3.25,none,Ag2O,AgCl,7.9,284,,-0.313,-1.2,120
48,cadmium,Cd,12,5,112.4,320.9,765,s,8.65,1.69,8.9937,16.908,37.48,,1.71,0.95,1.48,13.1,hexagonal,0.138,0.23,6.192,99.57,96.8,0.15,0.00011,0.00007,,bluish-white,distorted hcp structure,2,,CdO,CdCl2,7.2,112,1817,0.207,-0.7,6
49,indium,In,13,5,114.8,156.6,2080,s,7.31,1.78,5.7864,18.869,28.03,0.3,2,0.8,1.44,15.7,tetragonal,0.116,0.23,3.263,231.5,81.6,0.25,0.002,,,silvery-white,distorted fcc structure,1.2,,In2O3,InCl InCl3,9.7,243,1863,-0.735,-1,120
50,tin,Sn,14,5,118.7,232,2270,s,7.31,1.96,7.3438,14.632,30.502,1.11,1.72,0.71,1.41,16.3,tetragonal,0.0917,0.227,7.029,295.8,66.6,2.3,0.000004,0.00002,,silvery-white,distorted diamond,1.65,SnH4 Sn2H6,SnO SnO2,SnCl2 SnCl4,7.7,302,,0.582,0.3,8
51,antimony,Sb,15,5,121.8,631,1950,s,6.69,2.05,8.64,16.53,25.3,1.07,1.53,0.76,1.4,18.23,rhombohedral,0.0288,0.21,19.87,77.14,24.3,0.2,0.00024,,,bluish-white,rhombohedral,3.15,SbH3,Sb2O3 Sb2O4 Sb2O5,SbCl3 SbCl5,6.6,262,1600,-0.51,-0.7,4.5
52,tellurium,Te,16,5,127.6,449.5,989.8,s,6.24,2.1,9.0096,18.6,27.96,1.97,1.43,0.97,1.36,20.5,hexagonal,0.000002,0.2,17.49,52.55,2.35,0.001,,,,silvery,parallel chains,2.3,H2Te,TeO2 TeO3,Te2Cl Te3Cl2 Te4Cl16,5.5,197,1783,0.682,-3,24
53,iodine,I,17,5,126.9,113.5,184,s,4.93,2.66,10.4513,19.131,33,3.06,1.32,2.2,1.33,25.74,orthorhombic,8.00E-16,0.214,7.824,20.752,0.449,0.45,0.06,0.00002,,bluish-black,layers of I2,,HI,I2O5 I4O9 I2O4,ICl ICl3,5,107,1811,-0.046,-0.3,8.3
54,xenon,Xe,18,5,131.3,-111.8,-107.1,g,0.00589,2.6,12.1299,21.21,32.1,,1.24,,1.31,37.3,cubic: face centered,,0.158,2.297,12.636,0.00569,0.00003,0.00005,,,colorless,fcc: face-centered cubic,,none,XeO3 XeO4,none,4,0,1898,0.672,-4.5,120
55,cesium,Cs,1,6,132.9,28.4,669,s,1.87,0.79,3.8939,25.1,,0.47,3.34,1.74,2.35,71.07,cubic: body centered,0.0489,0.24,2.092,67.74,59,3,0.0003,0.000002,,yellow/silvery,bcc: body-centered cubic,0.2,CsH,Cs2O,CsCl,59.6,79,1860,-0.429,0,1100
56,barium,Ba,2,6,137.3,725,1640,s,3.5,0.89,5.2117,10.004,,0.15,2.78,1.42,1.98,39.24,cubic: body centered,0.03,0.204,7.75,142,18.4,425,0.013,0.00003,,silvery-white,bcc: body-centered cubic,,BaH2,BaO,BaCl2,39.7,180,1808,0.652,2.6,55
57,lanthanum,La,lanthanides,6,138.9,920,3454,s,6.15,1.1,5.577,11.059,19.174,0.5,2.74,1.16,1.69,20.73,hexagonal,0.0126,0.19,6.2,414,13.5,39,0.0000034,,,silvery-white, cp: close packed (ABCB),,LaH2 LaH3,La2O3,LaCl3,31.1,423,1839,-0.351,1.5,64
58,cerium,Ce,lanthanides,6,140.1,798,3257,s,6.66,1.12,5.5387,10.851,20.2,,2.7,1.14,1.65,20.67,cubic: face centered,0.0115,0.19,5.46,414,11.4,66.5,0.0000012,,,silvery-white,fcc: face-centered cubic,,CeH2 CeH3,Ce2O3 CeO2,CeCl3,29.6,419,1803,0.055,1.8,57
59,praseodymium,Pr,lanthanides,6,140.9,931,3017,s,6.77,1.13,5.464,10.551,21.62,,2.67,1.13,1.65,20.8,hexagonal,0.0148,0.19,6.89,296.8,12.5,9.2,0.00000064,,,silvery-white, cp: close packed (ABCB),,PrH2 PrH3,PrO2 Pr6O11,PrCl3,28.2,356,1885,-0.778,0.9,170
60,neodymium,Nd,lanthanides,6,144.2,1016,3127,s,7,1.14,5.525,10.727,22.076,,2.64,,1.64,20.6,hexagonal,0.0157,0.19,7.14,273,16.5,41.5,0.0000028,,,silvery-white, cp: close packed (ABCB),,NdH2 NdH3,Nd2O3,NdCl2 NdCl3,31.4,328,1885,-0.082,1.4,110
61,promethium,Pm,lanthanides,6,145,1042,3000,s,7.26,,5.55,10.903,22.283,,2.62,1.07,1.63,22.39,hexagonal,,0.18,,,17.9,,,,,silvery-white, cp: close packed (ABCB),,,Pm2O3,,30.1,301,1945,,-19.3,
62,samarium,Sm,lanthanides,6,150.4,1074,1794,s,7.52,1.17,5.6437,11.069,23.423,,2.59,1.08,1.62,19.95,rhombohedral,0.00956,0.2,8.63,166.4,13.3,7.05,0.00000045,,,silvery-white, cp: cls pkd (ABCBCACAB),,SmH2 SmH3,Sm2O3,SmCl2 SmCl3,28.8,207,1880,-0.588,0.8,130
63,europium,Eu,lanthanides,6,152,822,1529,s,5.24,,5.6704,11.245,24.926,,2.56,1.07,1.85,28.9,cubic: body centered,0.00112,0.18,9.21,143.5,13.9,2,0.00000013,,,silvery-white,bcc: body-centered cubic,,EuH2,Eu2O3,EuCl2 EuCl3,27.7,178,1901,-1.012,0.1,3600
64,gadolinium,Gd,lanthanides,6,157.3,1313,3273,s,7.9,1.2,6.15,12.095,20.635,,2.54,1.05,1.61,19.9,hexagonal,0.00736,0.23,10.05,359.4,10.6,6.2,0.0000007,,,silvery-white,hcp: hexagonal close pkd,,GdH2 GdH3,Gd2O3,GdCl3,23.5,398,1880,-0.481,0.7,191
65,terbium,Tb,lanthanides,6,158.9,1365,3230,s,8.23,,5.8939,11.525,21.91,,2.51,1.18,1.59,19.2,hexagonal,0.00889,0.18,10.8,330.9,11.1,1.2,0.00000014,,,silvery-white,hcp: hexagonal close pkd,,TbH2 TbH3,TbO2 Tb4O7,TbCl3,25.5,389,1843,-1.22,0,1800
66,dysprosium,Dy,lanthanides,6,162.5,1412,2567,s,8.55,1.22,5.9389,11.67,22.802,,2.49,1.03,1.59,19,hexagonal,0.0108,0.17,11.06,230.1,10.7,5.2,0.00000091,,,silvery-white,hcp: hexagonal close pkd,,DyH2 DyH3,Dy2O3,DyCl2 DyCl3,24.5,291,1886,-0.404,0.5,210
67,holmium,Ho,lanthanides,6,164.9,1474,2700,s,8.8,1.23,6.0216,11.805,22.843,,2.47,,1.58,18.8,hexagonal,0.0124,0.16,12.2,241,16.2,1.3,0.00000022,,,silvery-white,hcp: hexagonal close pkd,,HoH2 HoH3,Ho2O3,HoCl3,23.6,301,1879,-1.051,0.1,740
68,erbium,Er,lanthanides,6,167.3,1529,2868,s,9.07,1.24,6.1078,11.929,22.739,,2.45,1,1.57,18.4,hexagonal,0.0117,0.17,19.9,261,14.3,3.5,0.00000087,,,silvery-white,hcp: hexagonal close pkd,,ErH2 ErH3,Er2O3,ErCl3,22.7,317,1843,-0.601,0.4,270
69,thulium,Tm,lanthanides,6,168.9,1545,1950,s,9.32,1.25,6.1843,12.054,26.367,,2.42,1.09,1.56,18.1,hexagonal,0.015,0.16,16.84,191,16.8,0.52,0.00000017,,,silvery-white,hcp: hexagonal close pkd,,TmH2 TmH3,Tm2O3,TmCl2 TmCl3,21.8,232,1879,-1.423,-0.3,4100
70,ytterbium,Yb,lanthanides,6,173.1,819,1196,s,6.97,,6.2542,12.188,25.03,,2.4,0.99,1.74,24.79,cubic: face centered,0.0351,0.15,7.66,128.9,34.9,3.2,0.00000082,,,silvery-white,fcc: face-centered cubic,,YbH2 Yb2H5,Yb2O3,YbCl2 YbCl3,21,152,1879,-0.606,0.5,530
71,lutetium,Lu,3,6,175,1663,3402,s,9.84,1.27,5.4259,13.888,20.957,,2.25,0.98,1.56,17.78,hexagonal,0.0185,0.15,18.6,355.9,16.4,0.8,0.00000015,,,silvery-white,hcp: hexagonal close pkd,,LuH2 LuH3,Lu2O3,LuCl3,21.9,,1907,-1.435,-0.3,6900
72,hafnium,Hf,4,6,178.5,2227,4600,s,13.3,1.3,6.8251,14.925,23.32,0,2.16,0.83,1.44,13.6,hexagonal,0.0312,0.14,24.06,575,23,3,0.000007,,,silvery,hcp: hexagonal close pkd,,HfH2,HfO2,HfCl3 HfCl4,16.2,619,1923,-0.812,0.4,120
73,tantalum,Ta,5,6,180.9,2996,5425,s,16.6,1.5,7.89,,,0.32,2.09,0.64,1.34,10.9,cubic: body centered,0.0761,0.14,31.6,743,57.5,2,0.000002,,,gray,bcc: body-centered cubic,,TaH,TaO2 Ta2O5,TaCl3 TaCl4 TaCl5,13.1,782,1802,-1.684,0.3,120
74,tungsten,W,6,6,183.8,3410,5660,s,19.3,2.36,7.98,,,0.86,2.02,0.6,1.3,9.53,cubic: body centered,0.189,0.13,35.4,824,174,1.25,0.0001,,,bluish-gray,bcc: body-centered cubic,,,WO2 WO3,WClx [x=2-6],11.1,849,1783,-0.876,0.2,11
75,rhenium,Re,7,6,186.2,3180,5600,s,21,1.9,7.88,,,0.15,1.97,0.53,1.28,8.85,hexagonal,0.0542,0.13,33.2,715,47.9,0.0007,0.000004,,,silvery-white,hcp: hexagonal close pkd,,none,Re2O5 ReO3 Re2O7,Re3Cl9 ReCl4 ReCl5 ReCl6,9.7,770,1925,-1.287,-2.3,540
76,osmium,Os,8,6,190.2,3045,5030,s,22.6,2.2,8.7,,,1.1,1.92,0.63,1.26,8.49,hexagonal,0.109,0.13,31.8,746,87.6,0.0015,,,,bluish-white,hcp: hexagonal close pkd,7,none,OsO2 OsO4,OsCl3 OsCl4 OsCl5,8.5,791,1804,-0.171,-2.8,7700
77,iridium,Ir,9,6,192.2,2410,4130,s,22.4,2.2,9.1,,,1.57,1.87,0.63,1.27,8.54,cubic: face centered,0.197,0.13,26.1,604,147,0.001,,,,white,fcc: face-centered cubic,6.25,none,IrO2,IrCl3,7.6,665,1804,-0.18,-3,4200
78,platinum,Pt,10,6,195.1,1772,3827,s,21.4,2.28,9,18.563,,2.13,1.83,0.63,1.3,9.1,cubic: face centered,0.0966,0.13,19.6,510,71.6,0.005,,,,silvery-white,fcc: face-centered cubic,4.3,none,PtO2,PtCl2 PtCl4,6.5,565,1748,0.127,-2.3,4700
79,gold,Au,11,6,197,1064,3080,s,19.3,2.54,9.2257,20.521,,2.31,1.79,0.85,1.34,10.2,cubic: face centered,0.452,0.128,12.55,334.4,317,0.004,0.004,0.00001,,golden yellow,fcc: face-centered cubic,2.75,none,Au2O3,AuCl AuCl3,6.1,366,,-0.728,-2.4,4400
80,mercury,Hg,12,6,200.6,-38.9,357,l,13.5,2,10.4375,18.759,34.202,,1.76,1.02,1.49,14.82,rhombohedral,0.0104,0.139,2.295,59.229,8.34,0.085,0.00003,,,silvery-white,rhombohedral,,none,HgO,Hg2Cl2 HgCl2,5.4,61,,-0.469,-1.1,5
81,thallium,Tl,13,6,204.4,303,1457,s,11.9,1.62,6.1083,20.428,29.829,0.2,2.08,1.59,1.48,17.2,hexagonal,0.0617,0.13,4.142,164.1,46.1,0.85,0.000019,,,bluish-gray,hcp: hexagonal close pkd,1.2,,Tl2O Tl2O3,TlCl TlCl3,7.6,182,1861,-0.735,-0.3,48
82,lead,Pb,14,6,207.2,327.5,1740,s,11.4,2.33,7.4167,15.028,31.943,0.36,1.81,1.19,1.47,18.17,cubic: face centered,0.0481,0.13,4.799,177.7,35.3,0.14,0.00003,0.00017,,gray,fcc: face-centered cubic,1.5,PbH4,PbO Pb3O4 Pb2O3 PbO2,PbCl2 PbCl4,6.8,196,,0.498,1.1,1.5
83,bismuth,Bi,15,6,209,271,1560,s,9.75,2.02,7.289,16.687,25.559,0.95,1.63,1.03,1.46,21.3,rhombohedral,0.00867,0.12,11.3,104.8,7.87,0.0085,0.00002,,,white,rhombohedral,2.5,BiH3,Bi2O3,BiCl3 BiCl4,7.4,207,1600,-0.842,-0.8,11
84,polonium,Po,16,6,209,254,962,s,9.32,2,8.4167,,,1.9,1.53,,1.46,22.23,monoclinic,0.0219,0.12,,,20,2.00E-10,1.40E-14,,,blue glow,special: simple cubic,,,PoO PoO2,PoCl2 PoCl4,6.8,144,1898,,-9.7,
85,astatine,At,17,6,210,302,337,s,,2.2,9.5,,,2.8,1.43,,1.45,,,,,,,1.7,,,,,,,,HAt,,,6,92,1940,,,
86,radon,Rn,18,6,222,-71,-61.8,g,0.00973,,10.7485,,,,1.34,,,50.5,cubic: face centered,,0.09,2.89,16.4,0.00364,4.00E-13,6.00E-16,,,colorless,,,,,,5.3,0,1900,,-12.4,
87,francium,Fr,1,7,223,27,677,s,,0.7,3.94,,,0.46,,,,,cubic: body centered,0.03,,,,15,,,,,,,,,,,48.7,73,1939,,,
88,radium,Ra,2,7,226,700,1140,s,5,0.9,5.2789,10.148,,,,1.62,,45.2,cubic: body centered,,0.12,,,18.6,0.0000009,8.90E-11,,,white,bcc: body-centered cubic,,,,RaCl2,38.3,159,1898,,-6,
89,actinium,Ac,actinides,7,227,1050,3200,s,10.1,1.1,5.17,12.126,,,,,,22.54,cubic: face centered,,,,,12,5.50E-10,,,,silvery-white,fcc: face-centered cubic,,AcH2,Ac2O3,AcCl3,32.1,385,1899,,-9.3,
90,thorium,Th,actinides,7,232,1750,4790,s,11.7,1.3,6.08,11.504,20.003,,,1.05,1.65,19.9,cubic: face centered,0.0653,0.12,16.1,514.4,54,9.6,0.000001,,,white,fcc: face-centered cubic,,ThH2 Th4H15,ThO2,ThCl4,32.1,576,1829,-1.475,1,
91,protactinium,Pa,actinides,7,231,1570,4000,s,15.4,1.5,5.89,,,,,,,15,orthorhombic,0.0529,0.12,12.3,,47,0.0000014,5.00E-11,,,silvery,fcc: face-centered cubic,,PaH3,PaO PaO2 Pa2O5,PaCl4 PaCl5,25.4,527,1917,,-5.9,
92,uranium,U,actinides,7,238,1132,3818,s,19,1.38,6.1941,,,,,0.81,1.42,12.59,orthorhombic,0.038,0.12,8.52,477,27.6,2.7,0.0032,0.0000001,,silvery,hcp:hex cls pkd distorted,,UH3,UO UO2 U2O5 U3O8 UO3,UCl3 UCl4 UCl5 UCl6,27.4,490,1789,-2.046,0.4,
93,neptunium,Np,actinides,7,237,640,3900,s,20.2,1.36,6.2657,,,,,,,11.62,orthorhombic,0.00822,0.12,5.19,,6.3,,,,,silvery,special:complex,,NpH2 NpH3,NpO NpO2 Np2O5,NpCl3 NpCl4,24.8,,1940,,,
94,plutonium,Pu,actinides,7,244,641,3232,s,19.8,1.28,6.06,,,,,,,12.32,monoclinic,0.00666,0.13,2.84,344,6.74,,,,,silvery,fcc: face-centered cubic,,PuH2 PuH3,PuO Pu2O3 PuO2,PuCl2 PuCl3,24.5,352,1940,,,
95,americium,Am,actinides,7,243,994,2607,s,13.7,1.3,5.9933,,,,,,,17.86,hexagonal,0.022,0.11,14.4,,10,,,,,silvery-white,fcc: face-centered cubic,,AmH2 AmH3,AmO Am2O3 AmO2,AmCl2 AmCl3,23.3,,1944,,,
96,curium,Cm,actinides,7,247,1340,,s,13.5,1.3,6.02,,,,,,,18.28,hexagonal,,,15,,10,,,,,silvery-white,fcc: face-centered cubic,,CmH2,CmO Cm2O3 CmO2,CmCl3,23,,1944,,,
97,berkelium,Bk,actinides,7,247,986,,s,14,1.3,6.23,,,,,,,,,,,,,10,,,,,silvery,fcc: face-centered cubic,,,BkO Bk2O3 BkO2,BkCl3,22.7,,1949,,,
98,californium,Cf,actinides,7,251,,,,,1.3,6.3,,,,,,,,,,,,,10,,,,,,,,,CfO Cf2O3 CfO2,CfCl3,20.5,,1949,,,
99,einsteinium,Es,actinides,7,252,,,,,1.3,6.42,,,,,,,,,,,,,10,,,,,,,,,Es2O3,,19.7,,1954,,,
100,fermium,Fm,actinides,7,257,,,,,1.3,6.5,,,,,,,,,,,,,10,,,,,,,,,,,23.8,,1954,,,
101,mendelevium,Md,actinides,7,258,,,,,1.3,6.58,,,,,,,,,,,,,10,,,,,,,,,,,18.2,,1955,,,
102,nobelium,No,actinides,7,259,,,,,1.3,6.65,,,,,,,,,,,,,10,,,,,,,,,,,17.5,,1958,,,
103,lawrencium,Lr,3,7,262,,,,,,,,,,,,,,,,,,,10,,,,,,,,,,,,,1961,,,
104,rutherfordium,Rf,4,7,267,,,,,,,,,,,,,,,,,,,23,,,,,,,,,,,,,,,,
105,dubnium,Db,5,7,268,,,,,,,,,,,,,,,,,,,58,,,,,,,,,,,,,,,,
106,seaborgium,Sg,6,7,271,,,,,,,,,,,,,,,,,,,,,,,,,,,,,,,,,,,
107,bohrium,Bh,7,7,272,,,,,,,,,,,,,,,,,,,,,,,,,,,,,,,,,,,
108,hassium,Hs,8,7,270,,,,,,,,,,,,,,,,,,,,,,,,,,,,,,,,,,,
109,meitnerium,Mt,9,7,276,,,,,,,,,,,,,,,,,,,,,,,,,,,,,,,,,,,
110,darmstadtium,Ds,10,7,281,,,,,,,,,,,,,,,,,,,,,,,,,,,,,,,,,,,
111,roentgentium,Rg,11,7,280,,,,,,,,,,,,,,,,,,,,,,,,,,,,,,,,,,,
112,copernicum,Cn,12,7,285,,,,,,,,,,,,,,,,,,,,,,,,,,,,,,,,,,,
113,nihonium,Nh,13,7,284,,,,,,,,,,,,,,,,,,,,,,,,,,,,,,,,,,,
114,flerovium,Fl,14,7,289,,,,,,,,,,,,,,,,,,,,,,,,,,,,,,,,,,,
115,moscovium,Mc,15,7,288,,,,,,,,,,,,,,,,,,,,,,,,,,,,,,,,,,,
116,livermorium,Lv,16,7,293,,,,,,,,,,,,,,,,,,,,,,,,,,,,,,,,,,,
117,tennessine,Ts,17,7,292,,,,,,,,,,,,,,,,,,,,,,,,,,,,,,,,,,,
118,oganesson,Og,18,7,294,,,,,,,,,,,,,,,,,,,,,,,,,,,,,,,,,,,