Genus,species,codon,amino_acid,frequency
Arabidopsis,thaliana,TTT,F,0.51
Arabidopsis,thaliana,TTC,F,0.49
Arabidopsis,thaliana,TTA,L,0.13
Arabidopsis,thaliana,TTG,L,0.22
Arabidopsis,thaliana,TAT,Y,0.52
Arabidopsis,thaliana,TAC,Y,0.48
Arabidopsis,thaliana,TAA,*,0.36
Arabidopsis,thaliana,TAG,*,0.2
Arabidopsis,thaliana,CTT,L,0.26
Arabidopsis,thaliana,CTC,L,0.17
Arabidopsis,thaliana,CTA,L,0.11
Arabidopsis,thaliana,CTG,L,0.11
Arabidopsis,thaliana,CAT,H,0.61
Arabidopsis,thaliana,CAC,H,0.39
Arabidopsis,thaliana,CAA,Q,0.56
Arabidopsis,thaliana,CAG,Q,0.44
Arabidopsis,thaliana,ATT,I,0.41
Arabidopsis,thaliana,ATC,I,0.35
Arabidopsis,thaliana,ATA,I,0.24
Arabidopsis,thaliana,ATG,M,1
Arabidopsis,thaliana,AAT,N,0.52
Arabidopsis,thaliana,AAC,N,0.48
Arabidopsis,thaliana,AAA,K,0.48
Arabidopsis,thaliana,AAG,K,0.52
Arabidopsis,thaliana,GTT,V,0.41
Arabidopsis,thaliana,GTC,V,0.19
Arabidopsis,thaliana,GTA,V,0.15
Arabidopsis,thaliana,GTG,V,0.26
Arabidopsis,thaliana,GAT,D,0.68
Arabidopsis,thaliana,GAC,D,0.32
Arabidopsis,thaliana,GAA,E,0.52
Arabidopsis,thaliana,GAG,E,0.49
Arabidopsis,thaliana,TCT,S,0.28
Arabidopsis,thaliana,TCC,S,0.13
Arabidopsis,thaliana,TCA,S,0.2
Arabidopsis,thaliana,TCG,S,0.1
Arabidopsis,thaliana,TGT,C,0.59
Arabidopsis,thaliana,TGC,C,0.41
Arabidopsis,thaliana,TGA,*,0.44
Arabidopsis,thaliana,TGG,W,1
Arabidopsis,thaliana,CCT,P,0.38
Arabidopsis,thaliana,CCC,P,0.11
Arabidopsis,thaliana,CCA,P,0.33
Arabidopsis,thaliana,CCG,P,0.17
Arabidopsis,thaliana,CGT,R,0.17
Arabidopsis,thaliana,CGC,R,0.07
Arabidopsis,thaliana,CGA,R,0.12
Arabidopsis,thaliana,CGG,R,0.09
Arabidopsis,thaliana,ACT,T,0.34
Arabidopsis,thaliana,ACC,T,0.2
Arabidopsis,thaliana,ACA,T,0.3
Arabidopsis,thaliana,ACG,T,0.15
Arabidopsis,thaliana,AGT,S,0.16
Arabidopsis,thaliana,AGC,S,0.13
Arabidopsis,thaliana,AGA,R,0.35
Arabidopsis,thaliana,AGG,R,0.2
Arabidopsis,thaliana,GCT,A,0.44
Arabidopsis,thaliana,GCC,A,0.16
Arabidopsis,thaliana,GCA,A,0.27
Arabidopsis,thaliana,GCG,A,0.14
Arabidopsis,thaliana,GGT,G,0.34
Arabidopsis,thaliana,GGC,G,0.14
Arabidopsis,thaliana,GGA,G,0.37
Arabidopsis,thaliana,GGG,G,0.15
Zea,mays,TTT,F,0.37
Zea,mays,TTC,F,0.63
Zea,mays,TTA,L,0.08
Zea,mays,TTG,L,0.15
Zea,mays,TAT,Y,0.37
Zea,mays,TAC,Y,0.37
Zea,mays,TAA,*,0.37
Zea,mays,TAG,*,0.37
Zea,mays,CTT,L,0.37
Zea,mays,CTC,L,0.37
Zea,mays,CTA,L,0.37
Zea,mays,CTG,L,0.37
Zea,mays,CAT,H,0.37
Zea,mays,CAC,H,0.37
Zea,mays,CAA,Q,0.37
Zea,mays,CAG,Q,0.37
Zea,mays,ATT,I,0.37
Zea,mays,ATC,I,0.37
Zea,mays,ATA,I,0.37
Zea,mays,ATG,M,0.37
Zea,mays,AAT,N,0.37
Zea,mays,AAC,N,0.37
Zea,mays,AAA,K,0.37
Zea,mays,AAG,K,0.37
Zea,mays,GTT,V,0.37
Zea,mays,GTC,V,0.37
Zea,mays,GTA,V,0.37
Zea,mays,GTG,V,0.37
Zea,mays,GAT,D,0.37
Zea,mays,GAC,D,0.37
Zea,mays,GAA,E,0.37
Zea,mays,GAG,E,0.37
Zea,mays,TCT,S,0.17
Zea,mays,TCC,S,0.22
Zea,mays,TCA,S,0.15
Zea,mays,TCG,S,0.14
Zea,mays,TGT,C,0.34
Zea,mays,TGC,C,0.66
Zea,mays,TGA,*,0.44
Zea,mays,TGG,W,1
Zea,mays,CCT,P,0.24
Zea,mays,CCC,P,0.24
Zea,mays,CCA,P,0.26
Zea,mays,CCG,P,0.26
Zea,mays,CGT,R,0.12
Zea,mays,CGC,R,0.23
Zea,mays,CGA,R,0.09
Zea,mays,CGG,R,0.15
Zea,mays,ACT,T,0.24
Zea,mays,ACC,T,0.33
Zea,mays,ACA,T,0.22
Zea,mays,ACG,T,0.21
Zea,mays,AGT,S,0.11
Zea,mays,AGC,S,0.21
Zea,mays,AGA,R,0.16
Zea,mays,AGG,R,0.25
Zea,mays,GCT,A,0.25
Zea,mays,GCC,A,0.33
Zea,mays,GCA,A,0.19
Zea,mays,GCG,A,0.23
Zea,mays,GGT,G,0.21
Zea,mays,GGC,G,0.39
Zea,mays,GGA,G,0.2
Zea,mays,GGG,G,0.21
Nicotiana,tabacum,TTT,F,0.58
Nicotiana,tabacum,TTC,F,0.42
Nicotiana,tabacum,TTA,L,0.14
Nicotiana,tabacum,TTG,L,0.24
Nicotiana,tabacum,TAT,Y,0.57
Nicotiana,tabacum,TAC,Y,0.43
Nicotiana,tabacum,TAA,*,0.41
Nicotiana,tabacum,TAG,*,0.19
Nicotiana,tabacum,CTT,L,0.26
Nicotiana,tabacum,CTC,L,0.14
Nicotiana,tabacum,CTA,L,0.1
Nicotiana,tabacum,CTG,L,0.12
Nicotiana,tabacum,CAT,H,0.61
Nicotiana,tabacum,CAC,H,0.39
Nicotiana,tabacum,CAA,Q,0.58
Nicotiana,tabacum,CAG,Q,0.42
Nicotiana,tabacum,ATT,I,0.5
Nicotiana,tabacum,ATC,I,0.25
Nicotiana,tabacum,ATA,I,0.25
Nicotiana,tabacum,ATG,M,1
Nicotiana,tabacum,AAT,N,0.6
Nicotiana,tabacum,AAC,N,0.4
Nicotiana,tabacum,AAA,K,0.49
Nicotiana,tabacum,AAG,K,0.51
Nicotiana,tabacum,GTT,V,0.41
Nicotiana,tabacum,GTC,V,0.17
Nicotiana,tabacum,GTA,V,0.17
Nicotiana,tabacum,GTG,V,0.25
Nicotiana,tabacum,GAT,D,0.68
Nicotiana,tabacum,GAC,D,0.32
Nicotiana,tabacum,GAA,E,0.55
Nicotiana,tabacum,GAG,E,0.45
Nicotiana,tabacum,TCT,S,0.26
Nicotiana,tabacum,TCC,S,0.14
Nicotiana,tabacum,TCA,S,0.23
Nicotiana,tabacum,TCG,S,0.07
Nicotiana,tabacum,TGT,C,0.57
Nicotiana,tabacum,TGC,C,0.43
Nicotiana,tabacum,TGA,*,0.41
Nicotiana,tabacum,TGG,W,1
Nicotiana,tabacum,CCT,P,0.37
Nicotiana,tabacum,CCC,P,0.13
Nicotiana,tabacum,CCA,P,0.4
Nicotiana,tabacum,CCG,P,0.1
Nicotiana,tabacum,CGT,R,0.15
Nicotiana,tabacum,CGC,R,0.08
Nicotiana,tabacum,CGA,R,0.11
Nicotiana,tabacum,CGG,R,0.08
Nicotiana,tabacum,ACT,T,0.39
Nicotiana,tabacum,ACC,T,0.19
Nicotiana,tabacum,ACA,T,0.33
Nicotiana,tabacum,ACG,T,0.09
Nicotiana,tabacum,AGT,S,0.17
Nicotiana,tabacum,AGC,S,0.13
Nicotiana,tabacum,AGA,R,0.32
Nicotiana,tabacum,AGG,R,0.26
Nicotiana,tabacum,GCT,A,0.44
Nicotiana,tabacum,GCC,A,0.17
Nicotiana,tabacum,GCA,A,0.31
Nicotiana,tabacum,GCG,A,0.08
Nicotiana,tabacum,GGT,G,0.34
Nicotiana,tabacum,GGC,G,0.17
Nicotiana,tabacum,GGA,G,0.34
Nicotiana,tabacum,GGG,G,0.15
Saccharomyces,cerevisiae,TTT,F,0.59
Saccharomyces,cerevisiae,TTC,F,0.41
Saccharomyces,cerevisiae,TTA,L,0.28
Saccharomyces,cerevisiae,TTG,L,0.29
Saccharomyces,cerevisiae,TAT,Y,0.56
Saccharomyces,cerevisiae,TAC,Y,0.44
Saccharomyces,cerevisiae,TAA,*,0.48
Saccharomyces,cerevisiae,TAG,*,0.22
Saccharomyces,cerevisiae,CTT,L,0.13
Saccharomyces,cerevisiae,CTC,L,0.06
Saccharomyces,cerevisiae,CTA,L,0.14
Saccharomyces,cerevisiae,CTG,L,0.11
Saccharomyces,cerevisiae,CAT,H,0.64
Saccharomyces,cerevisiae,CAC,H,0.36
Saccharomyces,cerevisiae,CAA,Q,0.69
Saccharomyces,cerevisiae,CAG,Q,0.31
Saccharomyces,cerevisiae,ATT,I,0.46
Saccharomyces,cerevisiae,ATC,I,0.26
Saccharomyces,cerevisiae,ATA,I,0.27
Saccharomyces,cerevisiae,ATG,M,1
Saccharomyces,cerevisiae,AAT,N,0.59
Saccharomyces,cerevisiae,AAC,N,0.41
Saccharomyces,cerevisiae,AAA,K,0.58
Saccharomyces,cerevisiae,AAG,K,0.42
Saccharomyces,cerevisiae,GTT,V,0.39
Saccharomyces,cerevisiae,GTC,V,0.21
Saccharomyces,cerevisiae,GTA,V,0.21
Saccharomyces,cerevisiae,GTG,V,0.19
Saccharomyces,cerevisiae,GAT,D,0.65
Saccharomyces,cerevisiae,GAC,D,0.35
Saccharomyces,cerevisiae,GAA,E,0.7
Saccharomyces,cerevisiae,GAG,E,0.3
Saccharomyces,cerevisiae,TCT,S,0.26
Saccharomyces,cerevisiae,TCC,S,0.16
Saccharomyces,cerevisiae,TCA,S,0.21
Saccharomyces,cerevisiae,TCG,S,0.1
Saccharomyces,cerevisiae,TGT,C,0.63
Saccharomyces,cerevisiae,TGC,C,0.37
Saccharomyces,cerevisiae,TGA,*,0.3
Saccharomyces,cerevisiae,TGG,W,1
Saccharomyces,cerevisiae,CCT,P,0.31
Saccharomyces,cerevisiae,CCC,P,0.15
Saccharomyces,cerevisiae,CCA,P,0.42
Saccharomyces,cerevisiae,CCG,P,0.12
Saccharomyces,cerevisiae,CGT,R,0.14
Saccharomyces,cerevisiae,CGC,R,0.06
Saccharomyces,cerevisiae,CGA,R,0.07
Saccharomyces,cerevisiae,CGG,R,0.04
Saccharomyces,cerevisiae,ACT,T,0.35
Saccharomyces,cerevisiae,ACC,T,0.22
Saccharomyces,cerevisiae,ACA,T,0.3
Saccharomyces,cerevisiae,ACG,T,0.14
Saccharomyces,cerevisiae,AGT,S,0.16
Saccharomyces,cerevisiae,AGC,S,0.11
Saccharomyces,cerevisiae,AGA,R,0.48
Saccharomyces,cerevisiae,AGG,R,0.21
Saccharomyces,cerevisiae,GCT,A,0.38
Saccharomyces,cerevisiae,GCC,A,0.22
Saccharomyces,cerevisiae,GCA,A,0.29
Saccharomyces,cerevisiae,GCG,A,0.11
Saccharomyces,cerevisiae,GGT,G,0.47
Saccharomyces,cerevisiae,GGC,G,0.19
Saccharomyces,cerevisiae,GGA,G,0.22
Saccharomyces,cerevisiae,GGG,G,0.12