aquifer_code,well_name,longitude,latitude,analyte,abundance
aquifer_a,Alewa_Heights_Spring,NA,NA,SiO2,11
aquifer_a,Alewa_Heights_Spring,NA,NA,Cl,20
aquifer_a,Alewa_Heights_Spring,NA,NA,Mg,7.6
aquifer_a,Alewa_Heights_Spring,NA,NA,Na,14
aquifer_a,Alewa_Heights_Spring,NA,NA,K,0.6
aquifer_a,Alewa_Heights_Spring,NA,NA,SO4,7
aquifer_a,Alewa_Heights_Spring,NA,NA,HCO3,51
aquifer_a,Alewa_Heights_Spring,NA,NA,dissolved_solids,118
aquifer_a,Alewa_Heights_Spring,NA,NA,Ca,6.3
aquifer_a,Beretania_High_Service,NA,NA,SiO2,30
aquifer_a,Beretania_High_Service,NA,NA,Cl,70
aquifer_a,Beretania_High_Service,NA,NA,Mg,12
aquifer_a,Beretania_High_Service,NA,NA,Na,39
aquifer_a,Beretania_High_Service,NA,NA,K,3.1
aquifer_a,Beretania_High_Service,NA,NA,SO4,9.5
aquifer_a,Beretania_High_Service,NA,NA,HCO3,68
aquifer_a,Beretania_High_Service,NA,NA,dissolved_solids,247
aquifer_a,Beretania_High_Service,NA,NA,Ca,12
aquifer_a,Beretania_Low_Service,NA,NA,SiO2,36
aquifer_a,Beretania_Low_Service,NA,NA,Cl,70
aquifer_a,Beretania_Low_Service,NA,NA,Mg,13
aquifer_a,Beretania_Low_Service,NA,NA,Na,41
aquifer_a,Beretania_Low_Service,NA,NA,K,3.6
aquifer_a,Beretania_Low_Service,NA,NA,SO4,11
aquifer_a,Beretania_Low_Service,NA,NA,HCO3,78
aquifer_a,Beretania_Low_Service,NA,NA,dissolved_solids,267
aquifer_a,Beretania_Low_Service,NA,NA,Ca,12
aquifer_a,Kuliouou_Well,-157.717,21.3,SiO2,49
aquifer_a,Kuliouou_Well,-157.717,21.3,Cl,94
aquifer_a,Kuliouou_Well,-157.717,21.3,Mg,16
aquifer_a,Kuliouou_Well,-157.717,21.3,Na,47
aquifer_a,Kuliouou_Well,-157.717,21.3,K,3.9
aquifer_a,Kuliouou_Well,-157.717,21.3,SO4,12
aquifer_a,Kuliouou_Well,-157.717,21.3,HCO3,81
aquifer_a,Kuliouou_Well,-157.717,21.3,dissolved_solids,321
aquifer_a,Kuliouou_Well,-157.717,21.3,Ca,16
aquifer_a,Manoa_Well_II,-157.8,21.317,SiO2,21
aquifer_a,Manoa_Well_II,-157.8,21.317,Cl,14
aquifer_a,Manoa_Well_II,-157.8,21.317,Mg,5.7
aquifer_a,Manoa_Well_II,-157.8,21.317,Na,10
aquifer_a,Manoa_Well_II,-157.8,21.317,K,0.6
aquifer_a,Manoa_Well_II,-157.8,21.317,SO4,2.3
aquifer_a,Manoa_Well_II,-157.8,21.317,HCO3,49
aquifer_a,Manoa_Well_II,-157.8,21.317,dissolved_solids,111
aquifer_a,Manoa_Well_II,-157.8,21.317,Ca,6.9
aquifer_a,Moanalua_Wells_Pump_1,-157.883,21.35,SiO2,34
aquifer_a,Moanalua_Wells_Pump_1,-157.883,21.35,Cl,92
aquifer_a,Moanalua_Wells_Pump_1,-157.883,21.35,Mg,16
aquifer_a,Moanalua_Wells_Pump_1,-157.883,21.35,Na,44
aquifer_a,Moanalua_Wells_Pump_1,-157.883,21.35,K,2.9
aquifer_a,Moanalua_Wells_Pump_1,-157.883,21.35,SO4,16
aquifer_a,Moanalua_Wells_Pump_1,-157.883,21.35,HCO3,76
aquifer_a,Moanalua_Wells_Pump_1,-157.883,21.35,dissolved_solids,302
aquifer_a,Moanalua_Wells_Pump_1,-157.883,21.35,Ca,18
aquifer_a,Moanalua_Wells_Pump_2,-157.883,21.35,SiO2,32
aquifer_a,Moanalua_Wells_Pump_2,-157.883,21.35,Cl,85
aquifer_a,Moanalua_Wells_Pump_2,-157.883,21.35,Mg,15
aquifer_a,Moanalua_Wells_Pump_2,-157.883,21.35,Na,33
aquifer_a,Moanalua_Wells_Pump_2,-157.883,21.35,K,2.8
aquifer_a,Moanalua_Wells_Pump_2,-157.883,21.35,SO4,15
aquifer_a,Moanalua_Wells_Pump_2,-157.883,21.35,HCO3,54
aquifer_a,Moanalua_Wells_Pump_2,-157.883,21.35,dissolved_solids,258
aquifer_a,Moanalua_Wells_Pump_2,-157.883,21.35,Ca,18
aquifer_a,Moanalua_Wells_Pump_3,-157.883,21.35,SiO2,33
aquifer_a,Moanalua_Wells_Pump_3,-157.883,21.35,Cl,136
aquifer_a,Moanalua_Wells_Pump_3,-157.883,21.35,Mg,23
aquifer_a,Moanalua_Wells_Pump_3,-157.883,21.35,Na,43
aquifer_a,Moanalua_Wells_Pump_3,-157.883,21.35,K,3.4
aquifer_a,Moanalua_Wells_Pump_3,-157.883,21.35,SO4,19
aquifer_a,Moanalua_Wells_Pump_3,-157.883,21.35,HCO3,55
aquifer_a,Moanalua_Wells_Pump_3,-157.883,21.35,dissolved_solids,340
aquifer_a,Moanalua_Wells_Pump_3,-157.883,21.35,Ca,26
aquifer_a,Nuuanu_Aerator_Well,-157.817,21.35,SiO2,21
aquifer_a,Nuuanu_Aerator_Well,-157.817,21.35,Cl,16
aquifer_a,Nuuanu_Aerator_Well,-157.817,21.35,Mg,10
aquifer_a,Nuuanu_Aerator_Well,-157.817,21.35,Na,17
aquifer_a,Nuuanu_Aerator_Well,-157.817,21.35,K,0.4
aquifer_a,Nuuanu_Aerator_Well,-157.817,21.35,SO4,3.9
aquifer_a,Nuuanu_Aerator_Well,-157.817,21.35,HCO3,88
aquifer_a,Nuuanu_Aerator_Well,-157.817,21.35,dissolved_solids,166
aquifer_a,Nuuanu_Aerator_Well,-157.817,21.35,Ca,8.4
aquifer_a,Palolo_Tunnel,-157.767,21.317,SiO2,16
aquifer_a,Palolo_Tunnel,-157.767,21.317,Cl,12
aquifer_a,Palolo_Tunnel,-157.767,21.317,Mg,4.7
aquifer_a,Palolo_Tunnel,-157.767,21.317,Na,13
aquifer_a,Palolo_Tunnel,-157.767,21.317,K,0.7
aquifer_a,Palolo_Tunnel,-157.767,21.317,SO4,4
aquifer_a,Palolo_Tunnel,-157.767,21.317,HCO3,54
aquifer_a,Palolo_Tunnel,-157.767,21.317,dissolved_solids,99
aquifer_a,Palolo_Tunnel,-157.767,21.317,Ca,6.8
aquifer_a,Palolo_Well,-157.783,21.3,SiO2,34
aquifer_a,Palolo_Well,-157.783,21.3,Cl,23
aquifer_a,Palolo_Well,-157.783,21.3,Mg,9.5
aquifer_a,Palolo_Well,-157.783,21.3,Na,21
aquifer_a,Palolo_Well,-157.783,21.3,K,1.3
aquifer_a,Palolo_Well,-157.783,21.3,SO4,4.4
aquifer_a,Palolo_Well,-157.783,21.3,HCO3,90
aquifer_a,Palolo_Well,-157.783,21.3,dissolved_solids,197
aquifer_a,Palolo_Well,-157.783,21.3,Ca,11
aquifer_a,Wilder_Well,-157.817,21.3,SiO2,34
aquifer_a,Wilder_Well,-157.817,21.3,Cl,56
aquifer_a,Wilder_Well,-157.817,21.3,Mg,6.3
aquifer_a,Wilder_Well,-157.817,21.3,Na,51
aquifer_a,Wilder_Well,-157.817,21.3,K,4.6
aquifer_a,Wilder_Well,-157.817,21.3,SO4,9.2
aquifer_a,Wilder_Well,-157.817,21.3,HCO3,78
aquifer_a,Wilder_Well,-157.817,21.3,dissolved_solids,246
aquifer_a,Wilder_Well,-157.817,21.3,Ca,4.4
aquifer_b,Kamaile_Well,-158.2,21.45,SiO2,74
aquifer_b,Kamaile_Well,-158.2,21.45,Cl,83
aquifer_b,Kamaile_Well,-158.2,21.45,Mg,30
aquifer_b,Kamaile_Well,-158.2,21.45,Na,50
aquifer_b,Kamaile_Well,-158.2,21.45,K,3.7
aquifer_b,Kamaile_Well,-158.2,21.45,SO4,14
aquifer_b,Kamaile_Well,-158.2,21.45,HCO3,171
aquifer_b,Kamaile_Well,-158.2,21.45,dissolved_solids,451
aquifer_b,Kamaile_Well,-158.2,21.45,Ca,17
aquifer_b,Kamaile_Well_lookup,-158.2,21.45,SiO2,75
aquifer_b,Kamaile_Well_lookup,-158.2,21.45,Cl,97
aquifer_b,Kamaile_Well_lookup,-158.2,21.45,Mg,30
aquifer_b,Kamaile_Well_lookup,-158.2,21.45,Na,55
aquifer_b,Kamaile_Well_lookup,-158.2,21.45,K,4.1
aquifer_b,Kamaile_Well_lookup,-158.2,21.45,SO4,16
aquifer_b,Kamaile_Well_lookup,-158.2,21.45,HCO3,183
aquifer_b,Kamaile_Well_lookup,-158.2,21.45,dissolved_solids,492
aquifer_b,Kamaile_Well_lookup,-158.2,21.45,Ca,19
aquifer_b,Makaha_Well,-158.2,21.483,SiO2,56
aquifer_b,Makaha_Well,-158.2,21.483,Cl,91
aquifer_b,Makaha_Well,-158.2,21.483,Mg,30
aquifer_b,Makaha_Well,-158.2,21.483,Na,34
aquifer_b,Makaha_Well,-158.2,21.483,K,3.5
aquifer_b,Makaha_Well,-158.2,21.483,SO4,15
aquifer_b,Makaha_Well,-158.2,21.483,HCO3,153
aquifer_b,Makaha_Well,-158.2,21.483,dissolved_solids,420
aquifer_b,Makaha_Well,-158.2,21.483,Ca,30
aquifer_b,Makaha_Shaft_#1,-158.2,21.467,SiO2,71
aquifer_b,Makaha_Shaft_#1,-158.2,21.467,Cl,100
aquifer_b,Makaha_Shaft_#1,-158.2,21.467,Mg,33.2
aquifer_b,Makaha_Shaft_#1,-158.2,21.467,Na,46
aquifer_b,Makaha_Shaft_#1,-158.2,21.467,K,4
aquifer_b,Makaha_Shaft_#1,-158.2,21.467,SO4,14.3
aquifer_b,Makaha_Shaft_#1,-158.2,21.467,HCO3,157
aquifer_b,Makaha_Shaft_#1,-158.2,21.467,dissolved_solids,452
aquifer_b,Makaha_Shaft_#1,-158.2,21.467,Ca,19.4
aquifer_b,Makaha_Well,-158.183,21.483,SiO2,56
aquifer_b,Makaha_Well,-158.183,21.483,Cl,91
aquifer_b,Makaha_Well,-158.183,21.483,Mg,30
aquifer_b,Makaha_Well,-158.183,21.483,Na,34
aquifer_b,Makaha_Well,-158.183,21.483,K,3.5
aquifer_b,Makaha_Well,-158.183,21.483,SO4,15
aquifer_b,Makaha_Well,-158.183,21.483,HCO3,153
aquifer_b,Makaha_Well,-158.183,21.483,dissolved_solids,420
aquifer_b,Makaha_Well,-158.183,21.483,Ca,30
aquifer_b,Makaha_VI,-158.183,21.483,SiO2,40
aquifer_b,Makaha_VI,-158.183,21.483,Cl,64
aquifer_b,Makaha_VI,-158.183,21.483,Mg,21
aquifer_b,Makaha_VI,-158.183,21.483,Na,37
aquifer_b,Makaha_VI,-158.183,21.483,K,3.8
aquifer_b,Makaha_VI,-158.183,21.483,SO4,11
aquifer_b,Makaha_VI,-158.183,21.483,HCO3,129
aquifer_b,Makaha_VI,-158.183,21.483,dissolved_solids,330
aquifer_b,Makaha_VI,-158.183,21.483,Ca,17
aquifer_c,Haleiwa_Wells_Pump_1,-158.083,21.567,SiO2,51
aquifer_c,Haleiwa_Wells_Pump_1,-158.083,21.567,Cl,46
aquifer_c,Haleiwa_Wells_Pump_1,-158.083,21.567,Mg,8.2
aquifer_c,Haleiwa_Wells_Pump_1,-158.083,21.567,Na,53
aquifer_c,Haleiwa_Wells_Pump_1,-158.083,21.567,K,2.9
aquifer_c,Haleiwa_Wells_Pump_1,-158.083,21.567,SO4,17
aquifer_c,Haleiwa_Wells_Pump_1,-158.083,21.567,HCO3,89
aquifer_c,Haleiwa_Wells_Pump_1,-158.083,21.567,dissolved_solids,288
aquifer_c,Haleiwa_Wells_Pump_1,-158.083,21.567,Ca,6.1
aquifer_c,Haleiwa_Wells_Pump_2,-158.083,21.567,SiO2,49
aquifer_c,Haleiwa_Wells_Pump_2,-158.083,21.567,Cl,46
aquifer_c,Haleiwa_Wells_Pump_2,-158.083,21.567,Mg,8.3
aquifer_c,Haleiwa_Wells_Pump_2,-158.083,21.567,Na,49
aquifer_c,Haleiwa_Wells_Pump_2,-158.083,21.567,K,2.8
aquifer_c,Haleiwa_Wells_Pump_2,-158.083,21.567,SO4,16
aquifer_c,Haleiwa_Wells_Pump_2,-158.083,21.567,HCO3,88
aquifer_c,Haleiwa_Wells_Pump_2,-158.083,21.567,dissolved_solids,283
aquifer_c,Haleiwa_Wells_Pump_2,-158.083,21.567,Ca,8.6
aquifer_c,Sunset_Beach_Well,-158.033,21.667,SiO2,58
aquifer_c,Sunset_Beach_Well,-158.033,21.667,Cl,148
aquifer_c,Sunset_Beach_Well,-158.033,21.667,Mg,18.1
aquifer_c,Sunset_Beach_Well,-158.033,21.667,Na,90
aquifer_c,Sunset_Beach_Well,-158.033,21.667,K,2.4
aquifer_c,Sunset_Beach_Well,-158.033,21.667,SO4,32.2
aquifer_c,Sunset_Beach_Well,-158.033,21.667,HCO3,73
aquifer_c,Sunset_Beach_Well,-158.033,21.667,dissolved_solids,438
aquifer_c,Sunset_Beach_Well,-158.033,21.667,Ca,13.2
aquifer_d,Waimanlo,-157.717,21.333,SiO2,22
aquifer_d,Waimanlo,-157.717,21.333,Cl,24
aquifer_d,Waimanlo,-157.717,21.333,Mg,2.8
aquifer_d,Waimanlo,-157.717,21.333,Na,28
aquifer_d,Waimanlo,-157.717,21.333,K,1.1
aquifer_d,Waimanlo,-157.717,21.333,SO4,22
aquifer_d,Waimanlo,-157.717,21.333,HCO3,84
aquifer_d,Waimanlo,-157.717,21.333,dissolved_solids,7.3
aquifer_d,Waimanlo,-157.717,21.333,Ca,14
aquifer_d,Kahana_Wells_Pump1,-157.883,21.55,SiO2,31
aquifer_d,Kahana_Wells_Pump1,-157.883,21.55,Cl,26
aquifer_d,Kahana_Wells_Pump1,-157.883,21.55,Mg,8.8
aquifer_d,Kahana_Wells_Pump1,-157.883,21.55,Na,21
aquifer_d,Kahana_Wells_Pump1,-157.883,21.55,K,1.8
aquifer_d,Kahana_Wells_Pump1,-157.883,21.55,SO4,6.9
aquifer_d,Kahana_Wells_Pump1,-157.883,21.55,HCO3,90
aquifer_d,Kahana_Wells_Pump1,-157.883,21.55,dissolved_solids,201
aquifer_d,Kahana_Wells_Pump1,-157.883,21.55,Ca,14
aquifer_d,Haiku_Tunnel,NA,NA,SiO2,21
aquifer_d,Haiku_Tunnel,NA,NA,Cl,15
aquifer_d,Haiku_Tunnel,NA,NA,Mg,3.9
aquifer_d,Haiku_Tunnel,NA,NA,Na,11
aquifer_d,Haiku_Tunnel,NA,NA,K,0.8
aquifer_d,Haiku_Tunnel,NA,NA,SO4,2.5
aquifer_d,Haiku_Tunnel,NA,NA,HCO3,39.5
aquifer_d,Haiku_Tunnel,NA,NA,dissolved_solids,100
aquifer_d,Haiku_Tunnel,NA,NA,Ca,6.2
aquifer_d,Haiku_Well,-157.833,21.4,SiO2,28
aquifer_d,Haiku_Well,-157.833,21.4,Cl,14
aquifer_d,Haiku_Well,-157.833,21.4,Mg,4.6
aquifer_d,Haiku_Well,-157.833,21.4,Na,11
aquifer_d,Haiku_Well,-157.833,21.4,K,1
aquifer_d,Haiku_Well,-157.833,21.4,SO4,3.2
aquifer_d,Haiku_Well,-157.833,21.4,HCO3,46
aquifer_d,Haiku_Well,-157.833,21.4,dissolved_solids,116
aquifer_d,Haiku_Well,-157.833,21.4,Ca,6.8
aquifer_d,Hauula_Well,-157.917,21.6,SiO2,34
aquifer_d,Hauula_Well,-157.917,21.6,Cl,36
aquifer_d,Hauula_Well,-157.917,21.6,Mg,7.6
aquifer_d,Hauula_Well,-157.917,21.6,Na,25
aquifer_d,Hauula_Well,-157.917,21.6,K,1.2
aquifer_d,Hauula_Well,-157.917,21.6,SO4,4.9
aquifer_d,Hauula_Well,-157.917,21.6,HCO3,70
aquifer_d,Hauula_Well,-157.917,21.6,dissolved_solids,190
aquifer_d,Hauula_Well,-157.917,21.6,Ca,10.6
aquifer_d,Iolekaa_Well,-157.817,21.417,SiO2,38
aquifer_d,Iolekaa_Well,-157.817,21.417,Cl,16
aquifer_d,Iolekaa_Well,-157.817,21.417,Mg,6.5
aquifer_d,Iolekaa_Well,-157.817,21.417,Na,15
aquifer_d,Iolekaa_Well,-157.817,21.417,K,0.9
aquifer_d,Iolekaa_Well,-157.817,21.417,SO4,4.1
aquifer_d,Iolekaa_Well,-157.817,21.417,HCO3,66
aquifer_d,Iolekaa_Well,-157.817,21.417,dissolved_solids,156
aquifer_d,Iolekaa_Well,-157.817,21.417,Ca,8.5
aquifer_d,Kahaluu_Well,-157.85,21.433,SiO2,31
aquifer_d,Kahaluu_Well,-157.85,21.433,Cl,21
aquifer_d,Kahaluu_Well,-157.85,21.433,Mg,7.5
aquifer_d,Kahaluu_Well,-157.85,21.433,Na,16
aquifer_d,Kahaluu_Well,-157.85,21.433,K,1.4
aquifer_d,Kahaluu_Well,-157.85,21.433,SO4,4.2
aquifer_d,Kahaluu_Well,-157.85,21.433,HCO3,74
aquifer_d,Kahaluu_Well,-157.85,21.433,dissolved_solids,167
aquifer_d,Kahaluu_Well,-157.85,21.433,Ca,11
aquifer_d,Kahuku_Well_No._1,-157.95,21.667,SiO2,46
aquifer_d,Kahuku_Well_No._1,-157.95,21.667,Cl,36
aquifer_d,Kahuku_Well_No._1,-157.95,21.667,Mg,7.5
aquifer_d,Kahuku_Well_No._1,-157.95,21.667,Na,31
aquifer_d,Kahuku_Well_No._1,-157.95,21.667,K,0.8
aquifer_d,Kahuku_Well_No._1,-157.95,21.667,SO4,7
aquifer_d,Kahuku_Well_No._1,-157.95,21.667,HCO3,70
aquifer_d,Kahuku_Well_No._1,-157.95,21.667,dissolved_solids,213
aquifer_d,Kahuku_Well_No._1,-157.95,21.667,Ca,8.6
aquifer_d,Kahuku_Well_No._2,-157.95,21.667,SiO2,45
aquifer_d,Kahuku_Well_No._2,-157.95,21.667,Cl,59
aquifer_d,Kahuku_Well_No._2,-157.95,21.667,Mg,11
aquifer_d,Kahuku_Well_No._2,-157.95,21.667,Na,43
aquifer_d,Kahuku_Well_No._2,-157.95,21.667,K,1
aquifer_d,Kahuku_Well_No._2,-157.95,21.667,SO4,9.3
aquifer_d,Kahuku_Well_No._2,-157.95,21.667,HCO3,78
aquifer_d,Kahuku_Well_No._2,-157.95,21.667,dissolved_solids,269
aquifer_d,Kahuku_Well_No._2,-157.95,21.667,Ca,11
aquifer_d,Kaipapau_Well,-157.917,21.6,SiO2,26
aquifer_d,Kaipapau_Well,-157.917,21.6,Cl,24
aquifer_d,Kaipapau_Well,-157.917,21.6,Mg,7.8
aquifer_d,Kaipapau_Well,-157.917,21.6,Na,20
aquifer_d,Kaipapau_Well,-157.917,21.6,K,1.1
aquifer_d,Kaipapau_Well,-157.917,21.6,SO4,4.8
aquifer_d,Kaipapau_Well,-157.917,21.6,HCO3,82
aquifer_d,Kaipapau_Well,-157.917,21.6,dissolved_solids,178
aquifer_d,Kaipapau_Well,-157.917,21.6,Ca,12
aquifer_d,Kaluanui_Expl._Well,-157.9,21.583,SiO2,33
aquifer_d,Kaluanui_Expl._Well,-157.9,21.583,Cl,29
aquifer_d,Kaluanui_Expl._Well,-157.9,21.583,Mg,7
aquifer_d,Kaluanui_Expl._Well,-157.9,21.583,Na,19
aquifer_d,Kaluanui_Expl._Well,-157.9,21.583,K,1.2
aquifer_d,Kaluanui_Expl._Well,-157.9,21.583,SO4,4.7
aquifer_d,Kaluanui_Expl._Well,-157.9,21.583,HCO3,68
aquifer_d,Kaluanui_Expl._Well,-157.9,21.583,dissolved_solids,174
aquifer_d,Kaluanui_Expl._Well,-157.9,21.583,Ca,11
aquifer_d,Kuou_III,-157.8,21.383,SiO2,25
aquifer_d,Kuou_III,-157.8,21.383,Cl,16
aquifer_d,Kuou_III,-157.8,21.383,Mg,6.4
aquifer_d,Kuou_III,-157.8,21.383,Na,29
aquifer_d,Kuou_III,-157.8,21.383,K,1.1
aquifer_d,Kuou_III,-157.8,21.383,SO4,5.8
aquifer_d,Kuou_III,-157.8,21.383,HCO3,115
aquifer_d,Kuou_III,-157.8,21.383,dissolved_solids,212.17
aquifer_d,Kuou_III,-157.8,21.383,Ca,14
aquifer_d,Luluku_Exp._Well,-157.817,21.383,SiO2,25
aquifer_d,Luluku_Exp._Well,-157.817,21.383,Cl,18
aquifer_d,Luluku_Exp._Well,-157.817,21.383,Mg,6.6
aquifer_d,Luluku_Exp._Well,-157.817,21.383,Na,14
aquifer_d,Luluku_Exp._Well,-157.817,21.383,K,1.1
aquifer_d,Luluku_Exp._Well,-157.817,21.383,SO4,3.7
aquifer_d,Luluku_Exp._Well,-157.817,21.383,HCO3,68
aquifer_d,Luluku_Exp._Well,-157.817,21.383,dissolved_solids,149
aquifer_d,Luluku_Exp._Well,-157.817,21.383,Ca,11
aquifer_d,Maakua_1,-157.917,21.6,SiO2,28
aquifer_d,Maakua_1,-157.917,21.6,Cl,30
aquifer_d,Maakua_1,-157.917,21.6,Mg,7.8
aquifer_d,Maakua_1,-157.917,21.6,Na,23
aquifer_d,Maakua_1,-157.917,21.6,K,1.4
aquifer_d,Maakua_1,-157.917,21.6,SO4,5.3
aquifer_d,Maakua_1,-157.917,21.6,HCO3,73
aquifer_d,Maakua_1,-157.917,21.6,dissolved_solids,179
aquifer_d,Maakua_1,-157.917,21.6,Ca,9.9
aquifer_d,Punaluu_I,-157.883,21.583,SiO2,30
aquifer_d,Punaluu_I,-157.883,21.583,Cl,36
aquifer_d,Punaluu_I,-157.883,21.583,Mg,6.5
aquifer_d,Punaluu_I,-157.883,21.583,Na,22
aquifer_d,Punaluu_I,-157.883,21.583,K,1.2
aquifer_d,Punaluu_I,-157.883,21.583,SO4,4.9
aquifer_d,Punaluu_I,-157.883,21.583,HCO3,55
aquifer_d,Punaluu_I,-157.883,21.583,dissolved_solids,167
aquifer_d,Punaluu_I,-157.883,21.583,Ca,10.3
aquifer_d,Punaluu_II,-157.883,21.583,SiO2,45
aquifer_d,Punaluu_II,-157.883,21.583,Cl,27
aquifer_d,Punaluu_II,-157.883,21.583,Mg,7
aquifer_d,Punaluu_II,-157.883,21.583,Na,23
aquifer_d,Punaluu_II,-157.883,21.583,K,1.5
aquifer_d,Punaluu_II,-157.883,21.583,SO4,4.7
aquifer_d,Punaluu_II,-157.883,21.583,HCO3,73
aquifer_d,Punaluu_II,-157.883,21.583,dissolved_solids,191
aquifer_d,Punaluu_II,-157.883,21.583,Ca,9.5
aquifer_d,Punaluu_II,-157.883,21.567,SiO2,27
aquifer_d,Punaluu_II,-157.883,21.567,Cl,42
aquifer_d,Punaluu_II,-157.883,21.567,Mg,8.5
aquifer_d,Punaluu_II,-157.883,21.567,Na,20
aquifer_d,Punaluu_II,-157.883,21.567,K,1.3
aquifer_d,Punaluu_II,-157.883,21.567,SO4,6.1
aquifer_d,Punaluu_II,-157.883,21.567,HCO3,49
aquifer_d,Punaluu_II,-157.883,21.567,dissolved_solids,166
aquifer_d,Punaluu_II,-157.883,21.567,Ca,11
aquifer_e,Wahiawa_II_Well_2,-158.033,21.483,SiO2,55
aquifer_e,Wahiawa_II_Well_2,-158.033,21.483,Cl,18
aquifer_e,Wahiawa_II_Well_2,-158.033,21.483,Mg,7.9
aquifer_e,Wahiawa_II_Well_2,-158.033,21.483,Na,19
aquifer_e,Wahiawa_II_Well_2,-158.033,21.483,K,1.6
aquifer_e,Wahiawa_II_Well_2,-158.033,21.483,SO4,8.7
aquifer_e,Wahiawa_II_Well_2,-158.033,21.483,HCO3,73
aquifer_e,Wahiawa_II_Well_2,-158.033,21.483,dissolved_solids,199
aquifer_e,Wahiawa_II_Well_2,-158.033,21.483,Ca,10
aquifer_e,Wahiawa_Well,-158.033,21.483,SiO2,72
aquifer_e,Wahiawa_Well,-158.033,21.483,Cl,18
aquifer_e,Wahiawa_Well,-158.033,21.483,Mg,7.2
aquifer_e,Wahiawa_Well,-158.033,21.483,Na,18
aquifer_e,Wahiawa_Well,-158.033,21.483,K,1.4
aquifer_e,Wahiawa_Well,-158.033,21.483,SO4,9.4
aquifer_e,Wahiawa_Well,-158.033,21.483,HCO3,61
aquifer_e,Wahiawa_Well,-158.033,21.483,dissolved_solids,202
aquifer_e,Wahiawa_Well,-158.033,21.483,Ca,8.7
aquifer_e,Wahiawa_II_Well_2,-158.033,21.483,SiO2,55
aquifer_e,Wahiawa_II_Well_2,-158.033,21.483,Cl,18
aquifer_e,Wahiawa_II_Well_2,-158.033,21.483,Mg,7.9
aquifer_e,Wahiawa_II_Well_2,-158.033,21.483,Na,19
aquifer_e,Wahiawa_II_Well_2,-158.033,21.483,K,1.6
aquifer_e,Wahiawa_II_Well_2,-158.033,21.483,SO4,18
aquifer_e,Wahiawa_II_Well_2,-158.033,21.483,HCO3,73
aquifer_e,Wahiawa_II_Well_2,-158.033,21.483,dissolved_solids,199
aquifer_e,Wahiawa_II_Well_2,-158.033,21.483,Ca,10
aquifer_e,Wahiawa_Well_#4(New_no._2),-158.017,21.483,SiO2,72
aquifer_e,Wahiawa_Well_#4(New_no._2),-158.017,21.483,Cl,21
aquifer_e,Wahiawa_Well_#4(New_no._2),-158.017,21.483,Mg,8.3
aquifer_e,Wahiawa_Well_#4(New_no._2),-158.017,21.483,Na,15
aquifer_e,Wahiawa_Well_#4(New_no._2),-158.017,21.483,K,1.3
aquifer_e,Wahiawa_Well_#4(New_no._2),-158.017,21.483,SO4,4.9
aquifer_e,Wahiawa_Well_#4(New_no._2),-158.017,21.483,HCO3,63
aquifer_e,Wahiawa_Well_#4(New_no._2),-158.017,21.483,dissolved_solids,202
aquifer_e,Wahiawa_Well_#4(New_no._2),-158.017,21.483,Ca,9.7
aquifer_e,Wahiawa_Wells_Pump_3,-158.017,21.483,SiO2,53
aquifer_e,Wahiawa_Wells_Pump_3,-158.017,21.483,Cl,20
aquifer_e,Wahiawa_Wells_Pump_3,-158.017,21.483,Mg,7.8
aquifer_e,Wahiawa_Wells_Pump_3,-158.017,21.483,Na,15
aquifer_e,Wahiawa_Wells_Pump_3,-158.017,21.483,K,1.5
aquifer_e,Wahiawa_Wells_Pump_3,-158.017,21.483,SO4,6.5
aquifer_e,Wahiawa_Wells_Pump_3,-158.017,21.483,HCO3,61
aquifer_e,Wahiawa_Wells_Pump_3,-158.017,21.483,dissolved_solids,181
aquifer_e,Wahiawa_Wells_Pump_3,-158.017,21.483,Ca,9.6
aquifer_f,KEOPU_PUU_HONIU,-155.952,19.65,SiO2,54
aquifer_f,KEOPU_PUU_HONIU,-155.952,19.65,Cl,5
aquifer_f,KEOPU_PUU_HONIU,-155.952,19.65,Mg,22
aquifer_f,KEOPU_PUU_HONIU,-155.952,19.65,Na,15
aquifer_f,KEOPU_PUU_HONIU,-155.952,19.65,K,3.4
aquifer_f,KEOPU_PUU_HONIU,-155.952,19.65,SO4,8.6
aquifer_f,KEOPU_PUU_HONIU,-155.952,19.65,HCO3,NA
aquifer_f,KEOPU_PUU_HONIU,-155.952,19.65,dissolved_solids,140
aquifer_f,KEOPU_PUU_HONIU,-155.952,19.65,Ca,7.3
aquifer_f,WAIAHA,-155.948,19.634,SiO2,54
aquifer_f,WAIAHA,-155.948,19.634,Cl,4
aquifer_f,WAIAHA,-155.948,19.634,Mg,17
aquifer_f,WAIAHA,-155.948,19.634,Na,14
aquifer_f,WAIAHA,-155.948,19.634,K,2.7
aquifer_f,WAIAHA,-155.948,19.634,SO4,8.3
aquifer_f,WAIAHA,-155.948,19.634,HCO3,NA
aquifer_f,WAIAHA,-155.948,19.634,dissolved_solids,76
aquifer_f,WAIAHA,-155.948,19.634,Ca,6.8
aquifer_f,HOLUALOA,-155.952,19.613,SiO2,50
aquifer_f,HOLUALOA,-155.952,19.613,Cl,210
aquifer_f,HOLUALOA,-155.952,19.613,Mg,80
aquifer_f,HOLUALOA,-155.952,19.613,Na,120
aquifer_f,HOLUALOA,-155.952,19.613,K,7.9
aquifer_f,HOLUALOA,-155.952,19.613,SO4,35
aquifer_f,HOLUALOA,-155.952,19.613,HCO3,NA
aquifer_f,HOLUALOA,-155.952,19.613,dissolved_solids,490
aquifer_f,HOLUALOA,-155.952,19.613,Ca,20
aquifer_f,KEAHUOLU,-155.958,19.667,SiO2,54
aquifer_f,KEAHUOLU,-155.958,19.667,Cl,5
aquifer_f,KEAHUOLU,-155.958,19.667,Mg,22
aquifer_f,KEAHUOLU,-155.958,19.667,Na,17
aquifer_f,KEAHUOLU,-155.958,19.667,K,3.2
aquifer_f,KEAHUOLU,-155.958,19.667,SO4,9.7
aquifer_f,KEAHUOLU,-155.958,19.667,HCO3,NA
aquifer_f,KEAHUOLU,-155.958,19.667,dissolved_solids,140
aquifer_f,KEAHUOLU,-155.958,19.667,Ca,7.7
aquifer_f,HONOKOHAU_WELL,-155.964,19.682,SiO2,59
aquifer_f,HONOKOHAU_WELL,-155.964,19.682,Cl,7
aquifer_f,HONOKOHAU_WELL,-155.964,19.682,Mg,30
aquifer_f,HONOKOHAU_WELL,-155.964,19.682,Na,26
aquifer_f,HONOKOHAU_WELL,-155.964,19.682,K,4.1
aquifer_f,HONOKOHAU_WELL,-155.964,19.682,SO4,20
aquifer_f,HONOKOHAU_WELL,-155.964,19.682,HCO3,NA
aquifer_f,HONOKOHAU_WELL,-155.964,19.682,dissolved_solids,180
aquifer_f,HONOKOHAU_WELL,-155.964,19.682,Ca,8.9
aquifer_f,KALAOA_WELL,-155.976,19.719,SiO2,61
aquifer_f,KALAOA_WELL,-155.976,19.719,Cl,8
aquifer_f,KALAOA_WELL,-155.976,19.719,Mg,41
aquifer_f,KALAOA_WELL,-155.976,19.719,Na,31
aquifer_f,KALAOA_WELL,-155.976,19.719,K,5.2
aquifer_f,KALAOA_WELL,-155.976,19.719,SO4,29
aquifer_f,KALAOA_WELL,-155.976,19.719,HCO3,NA
aquifer_f,KALAOA_WELL,-155.976,19.719,dissolved_solids,190
aquifer_f,KALAOA_WELL,-155.976,19.719,Ca,9.6
aquifer_f,KAHALUU_A,-155.95,19.583,SiO2,53
aquifer_f,KAHALUU_A,-155.95,19.583,Cl,190
aquifer_f,KAHALUU_A,-155.95,19.583,Mg,78
aquifer_f,KAHALUU_A,-155.95,19.583,Na,110
aquifer_f,KAHALUU_A,-155.95,19.583,K,5.8
aquifer_f,KAHALUU_A,-155.95,19.583,SO4,35
aquifer_f,KAHALUU_A,-155.95,19.583,HCO3,NA
aquifer_f,KAHALUU_A,-155.95,19.583,dissolved_solids,500
aquifer_f,KAHALUU_A,-155.95,19.583,Ca,21
aquifer_f,KAHALUU_C,-155.949,19.583,SiO2,52
aquifer_f,KAHALUU_C,-155.949,19.583,Cl,100
aquifer_f,KAHALUU_C,-155.949,19.583,Mg,50
aquifer_f,KAHALUU_C,-155.949,19.583,Na,64
aquifer_f,KAHALUU_C,-155.949,19.583,K,4.2
aquifer_f,KAHALUU_C,-155.949,19.583,SO4,23
aquifer_f,KAHALUU_C,-155.949,19.583,HCO3,NA
aquifer_f,KAHALUU_C,-155.949,19.583,dissolved_solids,320
aquifer_f,KAHALUU_C,-155.949,19.583,Ca,15
aquifer_f,KEEI_C_WELL,-155.886,19.443,SiO2,57
aquifer_f,KEEI_C_WELL,-155.886,19.443,Cl,55
aquifer_f,KEEI_C_WELL,-155.886,19.443,Mg,40
aquifer_f,KEEI_C_WELL,-155.886,19.443,Na,34
aquifer_f,KEEI_C_WELL,-155.886,19.443,K,3.5
aquifer_f,KEEI_C_WELL,-155.886,19.443,SO4,17
aquifer_f,KEEI_C_WELL,-155.886,19.443,HCO3,NA
aquifer_f,KEEI_C_WELL,-155.886,19.443,dissolved_solids,220
aquifer_f,KEEI_C_WELL,-155.886,19.443,Ca,11
aquifer_f,HALEKII_WELL_PUMPHEAD,-155.916,19.518,SiO2,54
aquifer_f,HALEKII_WELL_PUMPHEAD,-155.916,19.518,Cl,3
aquifer_f,HALEKII_WELL_PUMPHEAD,-155.916,19.518,Mg,12
aquifer_f,HALEKII_WELL_PUMPHEAD,-155.916,19.518,Na,17
aquifer_f,HALEKII_WELL_PUMPHEAD,-155.916,19.518,K,2.2
aquifer_f,HALEKII_WELL_PUMPHEAD,-155.916,19.518,SO4,14
aquifer_f,HALEKII_WELL_PUMPHEAD,-155.916,19.518,HCO3,NA
aquifer_f,HALEKII_WELL_PUMPHEAD,-155.916,19.518,dissolved_solids,100
aquifer_f,HALEKII_WELL_PUMPHEAD,-155.916,19.518,Ca,5.7
aquifer_f,KEEI_D,-155.88,19.462,SiO2,51
aquifer_f,KEEI_D,-155.88,19.462,Cl,3
aquifer_f,KEEI_D,-155.88,19.462,Mg,13
aquifer_f,KEEI_D,-155.88,19.462,Na,13
aquifer_f,KEEI_D,-155.88,19.462,K,1.8
aquifer_f,KEEI_D,-155.88,19.462,SO4,9.6
aquifer_f,KEEI_D,-155.88,19.462,HCO3,NA
aquifer_f,KEEI_D,-155.88,19.462,dissolved_solids,84
aquifer_f,KEEI_D,-155.88,19.462,Ca,5.5
aquifer_f,KEEI_B,-155.891,19.453,SiO2,54
aquifer_f,KEEI_B,-155.891,19.453,Cl,280
aquifer_f,KEEI_B,-155.891,19.453,Mg,95
aquifer_f,KEEI_B,-155.891,19.453,Na,180
aquifer_f,KEEI_B,-155.891,19.453,K,7.7
aquifer_f,KEEI_B,-155.891,19.453,SO4,46
aquifer_f,KEEI_B,-155.891,19.453,HCO3,NA
aquifer_f,KEEI_B,-155.891,19.453,dissolved_solids,660
aquifer_f,KEEI_B,-155.891,19.453,Ca,14
aquifer_g,PARKER_4,-155.771,19.964,SiO2,67
aquifer_g,PARKER_4,-155.771,19.964,Cl,130
aquifer_g,PARKER_4,-155.771,19.964,Mg,80
aquifer_g,PARKER_4,-155.771,19.964,Na,89
aquifer_g,PARKER_4,-155.771,19.964,K,7
aquifer_g,PARKER_4,-155.771,19.964,SO4,31
aquifer_g,PARKER_4,-155.771,19.964,HCO3,NA
aquifer_g,PARKER_4,-155.771,19.964,dissolved_solids,400
aquifer_g,PARKER_4,-155.771,19.964,Ca,12
aquifer_g,PARKER_3,-155.771,19.969,SiO2,69
aquifer_g,PARKER_3,-155.771,19.969,Cl,35
aquifer_g,PARKER_3,-155.771,19.969,Mg,54
aquifer_g,PARKER_3,-155.771,19.969,Na,37
aquifer_g,PARKER_3,-155.771,19.969,K,4.6
aquifer_g,PARKER_3,-155.771,19.969,SO4,17
aquifer_g,PARKER_3,-155.771,19.969,HCO3,NA
aquifer_g,PARKER_3,-155.771,19.969,dissolved_solids,220
aquifer_g,PARKER_3,-155.771,19.969,Ca,8.8
aquifer_g,PARKER_1,-155.771,19.978,SiO2,67
aquifer_g,PARKER_1,-155.771,19.978,Cl,31
aquifer_g,PARKER_1,-155.771,19.978,Mg,50
aquifer_g,PARKER_1,-155.771,19.978,Na,36
aquifer_g,PARKER_1,-155.771,19.978,K,4.3
aquifer_g,PARKER_1,-155.771,19.978,SO4,16
aquifer_g,PARKER_1,-155.771,19.978,HCO3,NA
aquifer_g,PARKER_1,-155.771,19.978,dissolved_solids,240
aquifer_g,PARKER_1,-155.771,19.978,Ca,8.1
aquifer_g,PARKER_2,-155.771,19.978,SiO2,72
aquifer_g,PARKER_2,-155.771,19.978,Cl,120
aquifer_g,PARKER_2,-155.771,19.978,Mg,88
aquifer_g,PARKER_2,-155.771,19.978,Na,85
aquifer_g,PARKER_2,-155.771,19.978,K,6.8
aquifer_g,PARKER_2,-155.771,19.978,SO4,30
aquifer_g,PARKER_2,-155.771,19.978,HCO3,NA
aquifer_g,PARKER_2,-155.771,19.978,dissolved_solids,400
aquifer_g,PARKER_2,-155.771,19.978,Ca,13
aquifer_g,LALAMILO_D,-155.777,19.994,SiO2,66
aquifer_g,LALAMILO_D,-155.777,19.994,Cl,99
aquifer_g,LALAMILO_D,-155.777,19.994,Mg,70
aquifer_g,LALAMILO_D,-155.777,19.994,Na,69
aquifer_g,LALAMILO_D,-155.777,19.994,K,6.4
aquifer_g,LALAMILO_D,-155.777,19.994,SO4,24
aquifer_g,LALAMILO_D,-155.777,19.994,HCO3,NA
aquifer_g,LALAMILO_D,-155.777,19.994,dissolved_solids,320
aquifer_g,LALAMILO_D,-155.777,19.994,Ca,11
aquifer_g,LALAMILO_C,-155.776,19.989,SiO2,66
aquifer_g,LALAMILO_C,-155.776,19.989,Cl,82
aquifer_g,LALAMILO_C,-155.776,19.989,Mg,66
aquifer_g,LALAMILO_C,-155.776,19.989,Na,59
aquifer_g,LALAMILO_C,-155.776,19.989,K,5.8
aquifer_g,LALAMILO_C,-155.776,19.989,SO4,23
aquifer_g,LALAMILO_C,-155.776,19.989,HCO3,NA
aquifer_g,LALAMILO_C,-155.776,19.989,dissolved_solids,310
aquifer_g,LALAMILO_C,-155.776,19.989,Ca,11
aquifer_g,LALAMILO_B,-155.774,19.984,SiO2,68
aquifer_g,LALAMILO_B,-155.774,19.984,Cl,37
aquifer_g,LALAMILO_B,-155.774,19.984,Mg,53
aquifer_g,LALAMILO_B,-155.774,19.984,Na,37
aquifer_g,LALAMILO_B,-155.774,19.984,K,4.6
aquifer_g,LALAMILO_B,-155.774,19.984,SO4,17
aquifer_g,LALAMILO_B,-155.774,19.984,HCO3,NA
aquifer_g,LALAMILO_B,-155.774,19.984,dissolved_solids,220
aquifer_g,LALAMILO_B,-155.774,19.984,Ca,9.1
aquifer_g,WAIMEA,-155.665,20.031,SiO2,60
aquifer_g,WAIMEA,-155.665,20.031,Cl,6
aquifer_g,WAIMEA,-155.665,20.031,Mg,27
aquifer_g,WAIMEA,-155.665,20.031,Na,12
aquifer_g,WAIMEA,-155.665,20.031,K,2.8
aquifer_g,WAIMEA,-155.665,20.031,SO4,1.8
aquifer_g,WAIMEA,-155.665,20.031,HCO3,NA
aquifer_g,WAIMEA,-155.665,20.031,dissolved_solids,100
aquifer_g,WAIMEA,-155.665,20.031,Ca,7.2
aquifer_g,PARKER_RANCH_1,-155.661,20.031,SiO2,60
aquifer_g,PARKER_RANCH_1,-155.661,20.031,Cl,6
aquifer_g,PARKER_RANCH_1,-155.661,20.031,Mg,26
aquifer_g,PARKER_RANCH_1,-155.661,20.031,Na,12
aquifer_g,PARKER_RANCH_1,-155.661,20.031,K,2.9
aquifer_g,PARKER_RANCH_1,-155.661,20.031,SO4,3
aquifer_g,PARKER_RANCH_1,-155.661,20.031,HCO3,NA
aquifer_g,PARKER_RANCH_1,-155.661,20.031,dissolved_solids,110
aquifer_g,PARKER_RANCH_1,-155.661,20.031,Ca,8.1
aquifer_h,HAWI_WELL_1,-155.825,20.238,SiO2,56
aquifer_h,HAWI_WELL_1,-155.825,20.238,Cl,17
aquifer_h,HAWI_WELL_1,-155.825,20.238,Mg,23
aquifer_h,HAWI_WELL_1,-155.825,20.238,Na,18
aquifer_h,HAWI_WELL_1,-155.825,20.238,K,1.9
aquifer_h,HAWI_WELL_1,-155.825,20.238,SO4,3.9
aquifer_h,HAWI_WELL_1,-155.825,20.238,HCO3,NA
aquifer_h,HAWI_WELL_1,-155.825,20.238,dissolved_solids,140
aquifer_h,HAWI_WELL_1,-155.825,20.238,Ca,6.8
aquifer_h,MAKAPALA,-155.753,20.215,SiO2,43
aquifer_h,MAKAPALA,-155.753,20.215,Cl,34
aquifer_h,MAKAPALA,-155.753,20.215,Mg,33
aquifer_h,MAKAPALA,-155.753,20.215,Na,24
aquifer_h,MAKAPALA,-155.753,20.215,K,2
aquifer_h,MAKAPALA,-155.753,20.215,SO4,6.2
aquifer_h,MAKAPALA,-155.753,20.215,HCO3,NA
aquifer_h,MAKAPALA,-155.753,20.215,dissolved_solids,170
aquifer_h,MAKAPALA,-155.753,20.215,Ca,11
aquifer_h,HAWI_WELL_2,-155.827,20.228,SiO2,56
aquifer_h,HAWI_WELL_2,-155.827,20.228,Cl,31
aquifer_h,HAWI_WELL_2,-155.827,20.228,Mg,31
aquifer_h,HAWI_WELL_2,-155.827,20.228,Na,25
aquifer_h,HAWI_WELL_2,-155.827,20.228,K,2.7
aquifer_h,HAWI_WELL_2,-155.827,20.228,SO4,6.4
aquifer_h,HAWI_WELL_2,-155.827,20.228,HCO3,NA
aquifer_h,HAWI_WELL_2,-155.827,20.228,dissolved_solids,170
aquifer_h,HAWI_WELL_2,-155.827,20.228,Ca,9.2
aquifer_i,PANAEWA_2,-155.063,19.673,SiO2,40
aquifer_i,PANAEWA_2,-155.063,19.673,Cl,3
aquifer_i,PANAEWA_2,-155.063,19.673,Mg,11
aquifer_i,PANAEWA_2,-155.063,19.673,Na,5
aquifer_i,PANAEWA_2,-155.063,19.673,K,1.7
aquifer_i,PANAEWA_2,-155.063,19.673,SO4,2.5
aquifer_i,PANAEWA_2,-155.063,19.673,HCO3,NA
aquifer_i,PANAEWA_2,-155.063,19.673,dissolved_solids,85
aquifer_i,PANAEWA_2,-155.063,19.673,Ca,6
aquifer_i,PANAEWA_3,-155.063,19.673,SiO2,39
aquifer_i,PANAEWA_3,-155.063,19.673,Cl,3
aquifer_i,PANAEWA_3,-155.063,19.673,Mg,10
aquifer_i,PANAEWA_3,-155.063,19.673,Na,5
aquifer_i,PANAEWA_3,-155.063,19.673,K,1.7
aquifer_i,PANAEWA_3,-155.063,19.673,SO4,2.6
aquifer_i,PANAEWA_3,-155.063,19.673,HCO3,NA
aquifer_i,PANAEWA_3,-155.063,19.673,dissolved_solids,86
aquifer_i,PANAEWA_3,-155.063,19.673,Ca,5.9
aquifer_i,PANAEWA_1,-155.185,19.697,SiO2,40
aquifer_i,PANAEWA_1,-155.185,19.697,Cl,3
aquifer_i,PANAEWA_1,-155.185,19.697,Mg,11
aquifer_i,PANAEWA_1,-155.185,19.697,Na,5
aquifer_i,PANAEWA_1,-155.185,19.697,K,1.8
aquifer_i,PANAEWA_1,-155.185,19.697,SO4,2.5
aquifer_i,PANAEWA_1,-155.185,19.697,HCO3,NA
aquifer_i,PANAEWA_1,-155.185,19.697,dissolved_solids,82
aquifer_i,PANAEWA_1,-155.185,19.697,Ca,6.1
aquifer_i,SADDLE_RD_A,-155.167,19.683,SiO2,43
aquifer_i,SADDLE_RD_A,-155.167,19.683,Cl,1
aquifer_i,SADDLE_RD_A,-155.167,19.683,Mg,15
aquifer_i,SADDLE_RD_A,-155.167,19.683,Na,10
aquifer_i,SADDLE_RD_A,-155.167,19.683,K,2.3
aquifer_i,SADDLE_RD_A,-155.167,19.683,SO4,7.7
aquifer_i,SADDLE_RD_A,-155.167,19.683,HCO3,NA
aquifer_i,SADDLE_RD_A,-155.167,19.683,dissolved_solids,95
aquifer_i,SADDLE_RD_A,-155.167,19.683,Ca,4.8
aquifer_i,PIIHONUA_C,-155.139,19.71,SiO2,43
aquifer_i,PIIHONUA_C,-155.139,19.71,Cl,1
aquifer_i,PIIHONUA_C,-155.139,19.71,Mg,19
aquifer_i,PIIHONUA_C,-155.139,19.71,Na,7
aquifer_i,PIIHONUA_C,-155.139,19.71,K,2.2
aquifer_i,PIIHONUA_C,-155.139,19.71,SO4,2.1
aquifer_i,PIIHONUA_C,-155.139,19.71,HCO3,NA
aquifer_i,PIIHONUA_C,-155.139,19.71,dissolved_solids,88
aquifer_i,PIIHONUA_C,-155.139,19.71,Ca,7.6
aquifer_i,PIIHONUA_B,-155.103,19.719,SiO2,42
aquifer_i,PIIHONUA_B,-155.103,19.719,Cl,1
aquifer_i,PIIHONUA_B,-155.103,19.719,Mg,16
aquifer_i,PIIHONUA_B,-155.103,19.719,Na,8
aquifer_i,PIIHONUA_B,-155.103,19.719,K,2.2
aquifer_i,PIIHONUA_B,-155.103,19.719,SO4,5.4
aquifer_i,PIIHONUA_B,-155.103,19.719,HCO3,NA
aquifer_i,PIIHONUA_B,-155.103,19.719,dissolved_solids,93
aquifer_i,PIIHONUA_B,-155.103,19.719,Ca,5.3
aquifer_i,PIIHONUA_A,-155.102,19.719,SiO2,42
aquifer_i,PIIHONUA_A,-155.102,19.719,Cl,1
aquifer_i,PIIHONUA_A,-155.102,19.719,Mg,16
aquifer_i,PIIHONUA_A,-155.102,19.719,Na,9
aquifer_i,PIIHONUA_A,-155.102,19.719,K,2.2
aquifer_i,PIIHONUA_A,-155.102,19.719,SO4,5.5
aquifer_i,PIIHONUA_A,-155.102,19.719,HCO3,NA
aquifer_i,PIIHONUA_A,-155.102,19.719,dissolved_solids,93
aquifer_i,PIIHONUA_A,-155.102,19.719,Ca,5.2
aquifer_i,PAPAIKO_Deep,-155.101,19.784,SiO2,36
aquifer_i,PAPAIKO_Deep,-155.101,19.784,Cl,3
aquifer_i,PAPAIKO_Deep,-155.101,19.784,Mg,22
aquifer_i,PAPAIKO_Deep,-155.101,19.784,Na,7
aquifer_i,PAPAIKO_Deep,-155.101,19.784,K,1.6
aquifer_i,PAPAIKO_Deep,-155.101,19.784,SO4,1.6
aquifer_i,PAPAIKO_Deep,-155.101,19.784,HCO3,NA
aquifer_i,PAPAIKO_Deep,-155.101,19.784,dissolved_solids,94
aquifer_i,PAPAIKO_Deep,-155.101,19.784,Ca,9.6
aquifer_i,KAIEIE_MAUKA,-155.131,19.789,SiO2,43
aquifer_i,KAIEIE_MAUKA,-155.131,19.789,Cl,3
aquifer_i,KAIEIE_MAUKA,-155.131,19.789,Mg,24
aquifer_i,KAIEIE_MAUKA,-155.131,19.789,Na,8
aquifer_i,KAIEIE_MAUKA,-155.131,19.789,K,1.6
aquifer_i,KAIEIE_MAUKA,-155.131,19.789,SO4,1.5
aquifer_i,KAIEIE_MAUKA,-155.131,19.789,HCO3,NA
aquifer_i,KAIEIE_MAUKA,-155.131,19.789,dissolved_solids,98
aquifer_i,KAIEIE_MAUKA,-155.131,19.789,Ca,9.8
aquifer_i,HONOMU,-155.12,19.864,SiO2,39
aquifer_i,HONOMU,-155.12,19.864,Cl,7
aquifer_i,HONOMU,-155.12,19.864,Mg,23
aquifer_i,HONOMU,-155.12,19.864,Na,12
aquifer_i,HONOMU,-155.12,19.864,K,2
aquifer_i,HONOMU,-155.12,19.864,SO4,2.2
aquifer_i,HONOMU,-155.12,19.864,HCO3,NA
aquifer_i,HONOMU,-155.12,19.864,dissolved_solids,110
aquifer_i,HONOMU,-155.12,19.864,Ca,9
aquifer_i,HAKALAU,-155.125,19.889,SiO2,31
aquifer_i,HAKALAU,-155.125,19.889,Cl,10
aquifer_i,HAKALAU,-155.125,19.889,Mg,29
aquifer_i,HAKALAU,-155.125,19.889,Na,10
aquifer_i,HAKALAU,-155.125,19.889,K,1.1
aquifer_i,HAKALAU,-155.125,19.889,SO4,2.8
aquifer_i,HAKALAU,-155.125,19.889,HCO3,NA
aquifer_i,HAKALAU,-155.125,19.889,dissolved_solids,100
aquifer_i,HAKALAU,-155.125,19.889,Ca,14
aquifer_i,AHUALOA_WELL,-155.519,20.051,SiO2,44
aquifer_i,AHUALOA_WELL,-155.519,20.051,Cl,5
aquifer_i,AHUALOA_WELL,-155.519,20.051,Mg,25
aquifer_i,AHUALOA_WELL,-155.519,20.051,Na,10
aquifer_i,AHUALOA_WELL,-155.519,20.051,K,2.4
aquifer_i,AHUALOA_WELL,-155.519,20.051,SO4,3.6
aquifer_i,AHUALOA_WELL,-155.519,20.051,HCO3,NA
aquifer_i,AHUALOA_WELL,-155.519,20.051,dissolved_solids,400
aquifer_i,AHUALOA_WELL,-155.519,20.051,Ca,12
aquifer_i,HAKALAU,-155.125,19.889,SiO2,32
aquifer_i,HAKALAU,-155.125,19.889,Cl,10
aquifer_i,HAKALAU,-155.125,19.889,Mg,30
aquifer_i,HAKALAU,-155.125,19.889,Na,10
aquifer_i,HAKALAU,-155.125,19.889,K,1.1
aquifer_i,HAKALAU,-155.125,19.889,SO4,2.7
aquifer_i,HAKALAU,-155.125,19.889,HCO3,NA
aquifer_i,HAKALAU,-155.125,19.889,dissolved_solids,110
aquifer_i,HAKALAU,-155.125,19.889,Ca,14
aquifer_i,KAIEIE_WELL,-155.131,19.789,SiO2,41
aquifer_i,KAIEIE_WELL,-155.131,19.789,Cl,3
aquifer_i,KAIEIE_WELL,-155.131,19.789,Mg,23
aquifer_i,KAIEIE_WELL,-155.131,19.789,Na,7
aquifer_i,KAIEIE_WELL,-155.131,19.789,K,1.4
aquifer_i,KAIEIE_WELL,-155.131,19.789,SO4,1.4
aquifer_i,KAIEIE_WELL,-155.131,19.789,HCO3,NA
aquifer_i,KAIEIE_WELL,-155.131,19.789,dissolved_solids,110
aquifer_i,KAIEIE_WELL,-155.131,19.789,Ca,10
aquifer_i,PAPAIKAO_WELL,-155.101,19.784,SiO2,35
aquifer_i,PAPAIKAO_WELL,-155.101,19.784,Cl,3
aquifer_i,PAPAIKAO_WELL,-155.101,19.784,Mg,22
aquifer_i,PAPAIKAO_WELL,-155.101,19.784,Na,7
aquifer_i,PAPAIKAO_WELL,-155.101,19.784,K,1.4
aquifer_i,PAPAIKAO_WELL,-155.101,19.784,SO4,1.6
aquifer_i,PAPAIKAO_WELL,-155.101,19.784,HCO3,NA
aquifer_i,PAPAIKAO_WELL,-155.101,19.784,dissolved_solids,88
aquifer_i,PAPAIKAO_WELL,-155.101,19.784,Ca,10
aquifer_i,PIIHONUA_WELL_A,-155.102,19.719,SiO2,44
aquifer_i,PIIHONUA_WELL_A,-155.102,19.719,Cl,1
aquifer_i,PIIHONUA_WELL_A,-155.102,19.719,Mg,16
aquifer_i,PIIHONUA_WELL_A,-155.102,19.719,Na,8
aquifer_i,PIIHONUA_WELL_A,-155.102,19.719,K,2.2
aquifer_i,PIIHONUA_WELL_A,-155.102,19.719,SO4,5.6
aquifer_i,PIIHONUA_WELL_A,-155.102,19.719,HCO3,NA
aquifer_i,PIIHONUA_WELL_A,-155.102,19.719,dissolved_solids,98
aquifer_i,PIIHONUA_WELL_A,-155.102,19.719,Ca,5.3
aquifer_i,PANAEWA_3,-155.063,19.673,SiO2,39
aquifer_i,PANAEWA_3,-155.063,19.673,Cl,3
aquifer_i,PANAEWA_3,-155.063,19.673,Mg,10
aquifer_i,PANAEWA_3,-155.063,19.673,Na,5
aquifer_i,PANAEWA_3,-155.063,19.673,K,1.5
aquifer_i,PANAEWA_3,-155.063,19.673,SO4,2.3
aquifer_i,PANAEWA_3,-155.063,19.673,HCO3,NA
aquifer_i,PANAEWA_3,-155.063,19.673,dissolved_solids,87
aquifer_i,PANAEWA_3,-155.063,19.673,Ca,6
aquifer_i,PANAEWA_1,-155.063,19.673,SiO2,40
aquifer_i,PANAEWA_1,-155.063,19.673,Cl,3
aquifer_i,PANAEWA_1,-155.063,19.673,Mg,11
aquifer_i,PANAEWA_1,-155.063,19.673,Na,5
aquifer_i,PANAEWA_1,-155.063,19.673,K,1.5
aquifer_i,PANAEWA_1,-155.063,19.673,SO4,2.2
aquifer_i,PANAEWA_1,-155.063,19.673,HCO3,NA
aquifer_i,PANAEWA_1,-155.063,19.673,dissolved_solids,84
aquifer_i,PANAEWA_1,-155.063,19.673,Ca,6.1
aquifer_i,PANAEWA_2,-155.062,19.674,SiO2,42
aquifer_i,PANAEWA_2,-155.062,19.674,Cl,3
aquifer_i,PANAEWA_2,-155.062,19.674,Mg,11
aquifer_i,PANAEWA_2,-155.062,19.674,Na,5
aquifer_i,PANAEWA_2,-155.062,19.674,K,1.6
aquifer_i,PANAEWA_2,-155.062,19.674,SO4,2.3
aquifer_i,PANAEWA_2,-155.062,19.674,HCO3,NA
aquifer_i,PANAEWA_2,-155.062,19.674,dissolved_solids,80
aquifer_i,PANAEWA_2,-155.062,19.674,Ca,6.3
aquifer_i,OLAA_FLUME,-155.185,19.697,SiO2,13
aquifer_i,OLAA_FLUME,-155.185,19.697,Cl,1
aquifer_i,OLAA_FLUME,-155.185,19.697,Mg,3.5
aquifer_i,OLAA_FLUME,-155.185,19.697,Na,3
aquifer_i,OLAA_FLUME,-155.185,19.697,K,0
aquifer_i,OLAA_FLUME,-155.185,19.697,SO4,2.5
aquifer_i,OLAA_FLUME,-155.185,19.697,HCO3,NA
aquifer_i,OLAA_FLUME,-155.185,19.697,dissolved_solids,28
aquifer_i,OLAA_FLUME,-155.185,19.697,Ca,2.3
aquifer_i,SADDLE_RD_A,-155.18,19.683,SiO2,43
aquifer_i,SADDLE_RD_A,-155.18,19.683,Cl,1
aquifer_i,SADDLE_RD_A,-155.18,19.683,Mg,14
aquifer_i,SADDLE_RD_A,-155.18,19.683,Na,10
aquifer_i,SADDLE_RD_A,-155.18,19.683,K,2.2
aquifer_i,SADDLE_RD_A,-155.18,19.683,SO4,7.7
aquifer_i,SADDLE_RD_A,-155.18,19.683,HCO3,NA
aquifer_i,SADDLE_RD_A,-155.18,19.683,dissolved_solids,76
aquifer_i,SADDLE_RD_A,-155.18,19.683,Ca,4.7
aquifer_i,PIIHONUA_WELL_B,-155.103,19.719,SiO2,40
aquifer_i,PIIHONUA_WELL_B,-155.103,19.719,Cl,1
aquifer_i,PIIHONUA_WELL_B,-155.103,19.719,Mg,15
aquifer_i,PIIHONUA_WELL_B,-155.103,19.719,Na,8
aquifer_i,PIIHONUA_WELL_B,-155.103,19.719,K,2
aquifer_i,PIIHONUA_WELL_B,-155.103,19.719,SO4,5.5
aquifer_i,PIIHONUA_WELL_B,-155.103,19.719,HCO3,NA
aquifer_i,PIIHONUA_WELL_B,-155.103,19.719,dissolved_solids,79
aquifer_i,PIIHONUA_WELL_B,-155.103,19.719,Ca,5
aquifer_i,PIIHONUA_WELL_C,-155.139,19.71,SiO2,43
aquifer_i,PIIHONUA_WELL_C,-155.139,19.71,Cl,1
aquifer_i,PIIHONUA_WELL_C,-155.139,19.71,Mg,19
aquifer_i,PIIHONUA_WELL_C,-155.139,19.71,Na,7
aquifer_i,PIIHONUA_WELL_C,-155.139,19.71,K,2
aquifer_i,PIIHONUA_WELL_C,-155.139,19.71,SO4,2.1
aquifer_i,PIIHONUA_WELL_C,-155.139,19.71,HCO3,NA
aquifer_i,PIIHONUA_WELL_C,-155.139,19.71,dissolved_solids,72
aquifer_i,PIIHONUA_WELL_C,-155.139,19.71,Ca,7.6
aquifer_i,LAUPAHOEHOE_1,-155.237,19.979,SiO2,43
aquifer_i,LAUPAHOEHOE_1,-155.237,19.979,Cl,100
aquifer_i,LAUPAHOEHOE_1,-155.237,19.979,Mg,60
aquifer_i,LAUPAHOEHOE_1,-155.237,19.979,Na,49
aquifer_i,LAUPAHOEHOE_1,-155.237,19.979,K,4
aquifer_i,LAUPAHOEHOE_1,-155.237,19.979,SO4,14
aquifer_i,LAUPAHOEHOE_1,-155.237,19.979,HCO3,NA
aquifer_i,LAUPAHOEHOE_1,-155.237,19.979,dissolved_solids,340
aquifer_i,LAUPAHOEHOE_1,-155.237,19.979,Ca,16
aquifer_i,LAUPAHOEHOE_2,-155.238,19.979,SiO2,41
aquifer_i,LAUPAHOEHOE_2,-155.238,19.979,Cl,73
aquifer_i,LAUPAHOEHOE_2,-155.238,19.979,Mg,49
aquifer_i,LAUPAHOEHOE_2,-155.238,19.979,Na,34
aquifer_i,LAUPAHOEHOE_2,-155.238,19.979,K,3.3
aquifer_i,LAUPAHOEHOE_2,-155.238,19.979,SO4,10
aquifer_i,LAUPAHOEHOE_2,-155.238,19.979,HCO3,NA
aquifer_i,LAUPAHOEHOE_2,-155.238,19.979,dissolved_solids,260
aquifer_i,LAUPAHOEHOE_2,-155.238,19.979,Ca,14
aquifer_i,HONOKAA_WELL_B,-155.473,20.075,SiO2,35
aquifer_i,HONOKAA_WELL_B,-155.473,20.075,Cl,86
aquifer_i,HONOKAA_WELL_B,-155.473,20.075,Mg,65
aquifer_i,HONOKAA_WELL_B,-155.473,20.075,Na,35
aquifer_i,HONOKAA_WELL_B,-155.473,20.075,K,7.3
aquifer_i,HONOKAA_WELL_B,-155.473,20.075,SO4,8.6
aquifer_i,HONOKAA_WELL_B,-155.473,20.075,HCO3,NA
aquifer_i,HONOKAA_WELL_B,-155.473,20.075,dissolved_solids,320
aquifer_i,HONOKAA_WELL_B,-155.473,20.075,Ca,18
aquifer_i,OOKALA,-155.284,20.01,SiO2,37
aquifer_i,OOKALA,-155.284,20.01,Cl,12
aquifer_i,OOKALA,-155.284,20.01,Mg,31
aquifer_i,OOKALA,-155.284,20.01,Na,9
aquifer_i,OOKALA,-155.284,20.01,K,1.5
aquifer_i,OOKALA,-155.284,20.01,SO4,3.5
aquifer_i,OOKALA,-155.284,20.01,HCO3,NA
aquifer_i,OOKALA,-155.284,20.01,dissolved_solids,130
aquifer_i,OOKALA,-155.284,20.01,Ca,14
aquifer_i,HAKALAU_SPRING_INTAKE,-155.125,19.889,SiO2,26
aquifer_i,HAKALAU_SPRING_INTAKE,-155.125,19.889,Cl,5
aquifer_i,HAKALAU_SPRING_INTAKE,-155.125,19.889,Mg,21
aquifer_i,HAKALAU_SPRING_INTAKE,-155.125,19.889,Na,7
aquifer_i,HAKALAU_SPRING_INTAKE,-155.125,19.889,K,0
aquifer_i,HAKALAU_SPRING_INTAKE,-155.125,19.889,SO4,1.1
aquifer_i,HAKALAU_SPRING_INTAKE,-155.125,19.889,HCO3,NA
aquifer_i,HAKALAU_SPRING_INTAKE,-155.125,19.889,dissolved_solids,90
aquifer_i,HAKALAU_SPRING_INTAKE,-155.125,19.889,Ca,9.1
aquifer_i,KAIEIE_INTAKE,-155.131,19.789,SiO2,31
aquifer_i,KAIEIE_INTAKE,-155.131,19.789,Cl,5
aquifer_i,KAIEIE_INTAKE,-155.131,19.789,Mg,36
aquifer_i,KAIEIE_INTAKE,-155.131,19.789,Na,7
aquifer_i,KAIEIE_INTAKE,-155.131,19.789,K,0
aquifer_i,KAIEIE_INTAKE,-155.131,19.789,SO4,2.4
aquifer_i,KAIEIE_INTAKE,-155.131,19.789,HCO3,NA
aquifer_i,KAIEIE_INTAKE,-155.131,19.789,dissolved_solids,110
aquifer_i,KAIEIE_INTAKE,-155.131,19.789,Ca,13
aquifer_i,PAPAIKOU_SPRING_INTAKE,-155.101,19.784,SiO2,11
aquifer_i,PAPAIKOU_SPRING_INTAKE,-155.101,19.784,Cl,6
aquifer_i,PAPAIKOU_SPRING_INTAKE,-155.101,19.784,Mg,28
aquifer_i,PAPAIKOU_SPRING_INTAKE,-155.101,19.784,Na,6
aquifer_i,PAPAIKOU_SPRING_INTAKE,-155.101,19.784,K,0
aquifer_i,PAPAIKOU_SPRING_INTAKE,-155.101,19.784,SO4,8
aquifer_i,PAPAIKOU_SPRING_INTAKE,-155.101,19.784,HCO3,NA
aquifer_i,PAPAIKOU_SPRING_INTAKE,-155.101,19.784,dissolved_solids,150
aquifer_i,PAPAIKOU_SPRING_INTAKE,-155.101,19.784,Ca,28
aquifer_i,HONOMU,-155.12,19.864,SiO2,40
aquifer_i,HONOMU,-155.12,19.864,Cl,6
aquifer_i,HONOMU,-155.12,19.864,Mg,24
aquifer_i,HONOMU,-155.12,19.864,Na,14
aquifer_i,HONOMU,-155.12,19.864,K,2.1
aquifer_i,HONOMU,-155.12,19.864,SO4,2.2
aquifer_i,HONOMU,-155.12,19.864,HCO3,NA
aquifer_i,HONOMU,-155.12,19.864,dissolved_solids,120
aquifer_i,HONOMU,-155.12,19.864,Ca,9.3
aquifer_i,KEONEPOKONUI_1_WELL,-154.965,19.515,SiO2,54
aquifer_i,KEONEPOKONUI_1_WELL,-154.965,19.515,Cl,4
aquifer_i,KEONEPOKONUI_1_WELL,-154.965,19.515,Mg,21
aquifer_i,KEONEPOKONUI_1_WELL,-154.965,19.515,Na,10
aquifer_i,KEONEPOKONUI_1_WELL,-154.965,19.515,K,2.8
aquifer_i,KEONEPOKONUI_1_WELL,-154.965,19.515,SO4,4.9
aquifer_i,KEONEPOKONUI_1_WELL,-154.965,19.515,HCO3,NA
aquifer_i,KEONEPOKONUI_1_WELL,-154.965,19.515,dissolved_solids,120
aquifer_i,KEONEPOKONUI_1_WELL,-154.965,19.515,Ca,7.6
aquifer_i,KEONEPOKONUI_2_WELL,-154.965,19.515,SiO2,54
aquifer_i,KEONEPOKONUI_2_WELL,-154.965,19.515,Cl,3
aquifer_i,KEONEPOKONUI_2_WELL,-154.965,19.515,Mg,21
aquifer_i,KEONEPOKONUI_2_WELL,-154.965,19.515,Na,10
aquifer_i,KEONEPOKONUI_2_WELL,-154.965,19.515,K,2.8
aquifer_i,KEONEPOKONUI_2_WELL,-154.965,19.515,SO4,4.7
aquifer_i,KEONEPOKONUI_2_WELL,-154.965,19.515,HCO3,NA
aquifer_i,KEONEPOKONUI_2_WELL,-154.965,19.515,dissolved_solids,84
aquifer_i,KEONEPOKONUI_2_WELL,-154.965,19.515,Ca,7.4
aquifer_i,KEAAU_OLAA_WELL_2,-155.031,19.631,SiO2,39
aquifer_i,KEAAU_OLAA_WELL_2,-155.031,19.631,Cl,5
aquifer_i,KEAAU_OLAA_WELL_2,-155.031,19.631,Mg,12
aquifer_i,KEAAU_OLAA_WELL_2,-155.031,19.631,Na,7
aquifer_i,KEAAU_OLAA_WELL_2,-155.031,19.631,K,2.2
aquifer_i,KEAAU_OLAA_WELL_2,-155.031,19.631,SO4,7.7
aquifer_i,KEAAU_OLAA_WELL_2,-155.031,19.631,HCO3,NA
aquifer_i,KEAAU_OLAA_WELL_2,-155.031,19.631,dissolved_solids,88
aquifer_i,KEAAU_OLAA_WELL_2,-155.031,19.631,Ca,5.9
aquifer_i,KEAAU_OLAA_WELL_1,-155.031,19.631,SiO2,39
aquifer_i,KEAAU_OLAA_WELL_1,-155.031,19.631,Cl,3
aquifer_i,KEAAU_OLAA_WELL_1,-155.031,19.631,Mg,12
aquifer_i,KEAAU_OLAA_WELL_1,-155.031,19.631,Na,7
aquifer_i,KEAAU_OLAA_WELL_1,-155.031,19.631,K,2.2
aquifer_i,KEAAU_OLAA_WELL_1,-155.031,19.631,SO4,6.9
aquifer_i,KEAAU_OLAA_WELL_1,-155.031,19.631,HCO3,NA
aquifer_i,KEAAU_OLAA_WELL_1,-155.031,19.631,dissolved_solids,86
aquifer_i,KEAAU_OLAA_WELL_1,-155.031,19.631,Ca,5.7
aquifer_i,OLAA_STATION_WELL_3,-155.051,19.606,SiO2,41
aquifer_i,OLAA_STATION_WELL_3,-155.051,19.606,Cl,3
aquifer_i,OLAA_STATION_WELL_3,-155.051,19.606,Mg,13
aquifer_i,OLAA_STATION_WELL_3,-155.051,19.606,Na,6
aquifer_i,OLAA_STATION_WELL_3,-155.051,19.606,K,2.2
aquifer_i,OLAA_STATION_WELL_3,-155.051,19.606,SO4,4.6
aquifer_i,OLAA_STATION_WELL_3,-155.051,19.606,HCO3,NA
aquifer_i,OLAA_STATION_WELL_3,-155.051,19.606,dissolved_solids,66
aquifer_i,OLAA_STATION_WELL_3,-155.051,19.606,Ca,6.2
aquifer_j,Pahoa_2A,-154.944,19.483,SiO2,53
aquifer_j,Pahoa_2A,-154.944,19.483,Cl,5
aquifer_j,Pahoa_2A,-154.944,19.483,Mg,2.9
aquifer_j,Pahoa_2A,-154.944,19.483,Na,17
aquifer_j,Pahoa_2A,-154.944,19.483,K,3.4
aquifer_j,Pahoa_2A,-154.944,19.483,SO4,0
aquifer_j,Pahoa_2A,-154.944,19.483,HCO3,NA
aquifer_j,Pahoa_2A,-154.944,19.483,dissolved_solids,114
aquifer_j,Pahoa_2A,-154.944,19.483,Ca,4.2
aquifer_j,ALILI_TUNNEL,-155.518,19.229,SiO2,21
aquifer_j,ALILI_TUNNEL,-155.518,19.229,Cl,5
aquifer_j,ALILI_TUNNEL,-155.518,19.229,Mg,4
aquifer_j,ALILI_TUNNEL,-155.518,19.229,Na,4
aquifer_j,ALILI_TUNNEL,-155.518,19.229,K,0
aquifer_j,ALILI_TUNNEL,-155.518,19.229,SO4,14
aquifer_j,ALILI_TUNNEL,-155.518,19.229,HCO3,NA
aquifer_j,ALILI_TUNNEL,-155.518,19.229,dissolved_solids,90
aquifer_j,ALILI_TUNNEL,-155.518,19.229,Ca,18
aquifer_j,PAHALA_WELL_1,-155.487,19.204,SiO2,46
aquifer_j,PAHALA_WELL_1,-155.487,19.204,Cl,3
aquifer_j,PAHALA_WELL_1,-155.487,19.204,Mg,16
aquifer_j,PAHALA_WELL_1,-155.487,19.204,Na,7
aquifer_j,PAHALA_WELL_1,-155.487,19.204,K,1.6
aquifer_j,PAHALA_WELL_1,-155.487,19.204,SO4,7.7
aquifer_j,PAHALA_WELL_1,-155.487,19.204,HCO3,NA
aquifer_j,PAHALA_WELL_1,-155.487,19.204,dissolved_solids,110
aquifer_j,PAHALA_WELL_1,-155.487,19.204,Ca,7.7
aquifer_j,PAHALA_WELL2,-155.49,19.207,SiO2,45
aquifer_j,PAHALA_WELL2,-155.49,19.207,Cl,3
aquifer_j,PAHALA_WELL2,-155.49,19.207,Mg,15
aquifer_j,PAHALA_WELL2,-155.49,19.207,Na,6
aquifer_j,PAHALA_WELL2,-155.49,19.207,K,1.6
aquifer_j,PAHALA_WELL2,-155.49,19.207,SO4,7.6
aquifer_j,PAHALA_WELL2,-155.49,19.207,HCO3,NA
aquifer_j,PAHALA_WELL2,-155.49,19.207,dissolved_solids,96
aquifer_j,PAHALA_WELL2,-155.49,19.207,Ca,7.3
aquifer_j,NEW_MOUNTAIN_HOUSE,-155.613,19.155,SiO2,28
aquifer_j,NEW_MOUNTAIN_HOUSE,-155.613,19.155,Cl,5
aquifer_j,NEW_MOUNTAIN_HOUSE,-155.613,19.155,Mg,13
aquifer_j,NEW_MOUNTAIN_HOUSE,-155.613,19.155,Na,6
aquifer_j,NEW_MOUNTAIN_HOUSE,-155.613,19.155,K,1.4
aquifer_j,NEW_MOUNTAIN_HOUSE,-155.613,19.155,SO4,23
aquifer_j,NEW_MOUNTAIN_HOUSE,-155.613,19.155,HCO3,NA
aquifer_j,NEW_MOUNTAIN_HOUSE,-155.613,19.155,dissolved_solids,88
aquifer_j,NEW_MOUNTAIN_HOUSE,-155.613,19.155,Ca,7.2
aquifer_j,NAALEHU_WELLHEAD,-155.593,19.06,SiO2,50
aquifer_j,NAALEHU_WELLHEAD,-155.593,19.06,Cl,9
aquifer_j,NAALEHU_WELLHEAD,-155.593,19.06,Mg,31
aquifer_j,NAALEHU_WELLHEAD,-155.593,19.06,Na,16
aquifer_j,NAALEHU_WELLHEAD,-155.593,19.06,K,2
aquifer_j,NAALEHU_WELLHEAD,-155.593,19.06,SO4,11
aquifer_j,NAALEHU_WELLHEAD,-155.593,19.06,HCO3,NA
aquifer_j,NAALEHU_WELLHEAD,-155.593,19.06,dissolved_solids,150
aquifer_j,NAALEHU_WELLHEAD,-155.593,19.06,Ca,9.2
aquifer_j,KEAUOHANA,-154.952,19.413,SiO2,56
aquifer_j,KEAUOHANA,-154.952,19.413,Cl,140
aquifer_j,KEAUOHANA,-154.952,19.413,Mg,35
aquifer_j,KEAUOHANA,-154.952,19.413,Na,90
aquifer_j,KEAUOHANA,-154.952,19.413,K,6.3
aquifer_j,KEAUOHANA,-154.952,19.413,SO4,24
aquifer_j,KEAUOHANA,-154.952,19.413,HCO3,NA
aquifer_j,KEAUOHANA,-154.952,19.413,dissolved_solids,360
aquifer_j,KEAUOHANA,-154.952,19.413,Ca,13
